atleta_id,nome,clube,clube_id,posicao,posicao_id,status,pontos_num,preco_num,variacao_num,media_num,jogos_num,G,A,FT,FD,FF,FS,PP,I,DP,CV,CA,GC,SG,DE,DS,GS,FC,PC
118563,Rodriguinho,SAO,276,Meia,4,Nulo,0,4,0,0,0,0,0,0,0,0,0,0,0,0,0,0,0,0,0,0,0,0,0
141609,Lucca,SAO,276,Atacante,5,Dúvida,0,3,0,0,0,0,0,0,0,0,0,0,0,0,0,0,0,0,0,0,0,0,0
117818,Young,SAO,276,Goleiro,1,Nulo,0,3,0,0,0,0,0,0,0,0,0,0,0,0,0,0,0,0,0,0,0,0,0
108588,Tapia,SAO,276,Atacante,5,Dúvida,0,6,0,0,0,0,0,0,0,0,0,0,0,0,0,0,0,0,0,0,0,0,0
106294,Marcos Antônio,SAO,276,Meia,4,Provável,0,8,0,0,0,0,0,0,0,0,0,0,0,0,0,0,0,0,0,0,0,0,0
141611,Maik,SAO,276,Lateral,2,Nulo,0,5,0,0,0,0,0,0,0,0,0,0,0,0,0,0,0,0,0,0,0,0,0
131617,André Silva,SAO,276,Atacante,5,Contundido,0,8,0,0,0,0,0,0,0,0,0,0,0,0,0,0,0,0,0,0,0,0,0
106028,Coronel,SAO,276,Goleiro,1,Nulo,0,5,0,0,0,0,0,0,0,0,0,0,0,0,0,0,0,0,0,0,0,0,0
140542,Ryan Francisco,SAO,276,Atacante,5,Contundido,0,5,0,0,0,0,0,0,0,0,0,0,0,0,0,0,0,0,0,0,0,0,0
105300,Ferraresi,SAO,276,Zagueiro,3,Nulo,0,8,0,0,0,0,0,0,0,0,0,0,0,0,0,0,0,0,0,0,0,0,0
107873,Bobadilla,SAO,276,Meia,4,Nulo,0,10,0,0,0,0,0,0,0,0,0,0,0,0,0,0,0,0,0,0,0,0,0
113359,Pablo Maia,SAO,276,Meia,4,Nulo,0,7,0,0,0,0,0,0,0,0,0,0,0,0,0,0,0,0,0,0,0,0,0
90309,David,VAS,267,Atacante,5,Nulo,0,5,0,0,0,0,0,0,0,0,0,0,0,0,0,0,0,0,0,0,0,0,0
71123,Thiago Mendes,VAS,267,Meia,4,Provável,0,7,0,0,0,0,0,0,0,0,0,0,0,0,0,0,0,0,0,0,0,0,0
81091,Jair,VAS,267,Meia,4,Nulo,0,6,0,0,0,0,0,0,0,0,0,0,0,0,0,0,0,0,0,0,0,0,0
93716,Paulo Henrique,VAS,267,Lateral,2,Provável,0,10,0,0,0,0,0,0,0,0,0,0,0,0,0,0,0,0,0,0,0,0,0
72391,Fernando Diniz,VAS,267,Técnico,6,Provável,0,8,0,0,0,0,0,0,0,0,0,0,0,0,0,0,0,0,0,0,0,0,0
51413,Walter,MIR,2305,Goleiro,1,Provável,0,5,0,0,0,0,0,0,0,0,0,0,0,0,0,0,0,0,0,0,0,0,0
97095,Carlos Cuesta,VAS,267,Zagueiro,3,Provável,0,9,0,0,0,0,0,0,0,0,0,0,0,0,0,0,0,0,0,0,0,0,0
99213,Puma Rodríguez,VAS,267,Lateral,2,Nulo,0,5,0,0,0,0,0,0,0,0,0,0,0,0,0,0,0,0,0,0,0,0,0
86410,Victor Luis,VAS,267,Lateral,2,Nulo,0,4,0,0,0,0,0,0,0,0,0,0,0,0,0,0,0,0,0,0,0,0,0
86686,Tchê Tchê,VAS,267,Meia,4,Nulo,0,6,0,0,0,0,0,0,0,0,0,0,0,0,0,0,0,0,0,0,0,0,0
95936,Daniel Fuzato,VAS,267,Goleiro,1,Nulo,0,2,0,0,0,0,0,0,0,0,0,0,0,0,0,0,0,0,0,0,0,0,0
101594,Hugo Moura,VAS,267,Meia,4,Nulo,0,4,0,0,0,0,0,0,0,0,0,0,0,0,0,0,0,0,0,0,0,0,0
105584,Lucas Piton,VAS,267,Lateral,2,Provável,0,9,0,0,0,0,0,0,0,0,0,0,0,0,0,0,0,0,0,0,0,0,0
111682,Adson,VAS,267,Meia,4,Nulo,0,6,0,0,0,0,0,0,0,0,0,0,0,0,0,0,0,0,0,0,0,0,0
122486,Rayan,VAS,267,Atacante,5,Provável,0,9,0,0,0,0,0,0,0,0,0,0,0,0,0,0,0,0,0,0,0,0,0
115141,Lucas Freitas,VAS,267,Zagueiro,3,Nulo,0,4,0,0,0,0,0,0,0,0,0,0,0,0,0,0,0,0,0,0,0,0,0
108671,Garré,VAS,267,Meia,4,Nulo,0,4,0,0,0,0,0,0,0,0,0,0,0,0,0,0,0,0,0,0,0,0,0
142279,Nuno Moreira,VAS,267,Meia,4,Provável,0,8,0,0,0,0,0,0,0,0,0,0,0,0,0,0,0,0,0,0,0,0,0
117330,Robert Renan,VAS,267,Zagueiro,3,Provável,0,8,0,0,0,0,0,0,0,0,0,0,0,0,0,0,0,0,0,0,0,0,0
116706,Andrés Gómez,VAS,267,Atacante,5,Provável,0,9,0,0,0,0,0,0,0,0,0,0,0,0,0,0,0,0,0,0,0,0,0
122485,Barros,VAS,267,Meia,4,Provável,0,5,0,0,0,0,0,0,0,0,0,0,0,0,0,0,0,0,0,0,0,0,0
118752,Mateus Carvalho,VAS,267,Meia,4,Contundido,0,4,0,0,0,0,0,0,0,0,0,0,0,0,0,0,0,0,0,0,0,0,0
90588,Caíque,VIT,287,Meia,4,Provável,0,6,0,0,0,0,0,0,0,0,0,0,0,0,0,0,0,0,0,0,0,0,0
99440,Baralhas,VIT,287,Meia,4,Provável,0,6,0,0,0,0,0,0,0,0,0,0,0,0,0,0,0,0,0,0,0,0,0
115100,Matheus França,VAS,267,Meia,4,Nulo,0,4,0,0,0,0,0,0,0,0,0,0,0,0,0,0,0,0,0,0,0,0,0
83786,Neris,VIT,287,Zagueiro,3,Nulo,0,3,0,0,0,0,0,0,0,0,0,0,0,0,0,0,0,0,0,0,0,0,0
90943,Zé Marcos,VIT,287,Zagueiro,3,Provável,0,5,0,0,0,0,0,0,0,0,0,0,0,0,0,0,0,0,0,0,0,0,0
42222,Osvaldo,VIT,287,Atacante,5,Nulo,0,5,0,0,0,0,0,0,0,0,0,0,0,0,0,0,0,0,0,0,0,0,0
90703,Matheuzinho,VIT,287,Meia,4,Nulo,0,6,0,0,0,0,0,0,0,0,0,0,0,0,0,0,0,0,0,0,0,0,0
96793,Camutanga,VIT,287,Zagueiro,3,Provável,0,5,0,0,0,0,0,0,0,0,0,0,0,0,0,0,0,0,0,0,0,0,0
93411,Cantalapiedra,VIT,287,Meia,4,Provável,0,7,0,0,0,0,0,0,0,0,0,0,0,0,0,0,0,0,0,0,0,0,0
92180,Jair Ventura,VIT,287,Técnico,6,Provável,0,5,0,0,0,0,0,0,0,0,0,0,0,0,0,0,0,0,0,0,0,0,0
92696,Renato Kayzer,VIT,287,Atacante,5,Provável,0,6,0,0,0,0,0,0,0,0,0,0,0,0,0,0,0,0,0,0,0,0,0
97645,Thiago Couto,VIT,287,Goleiro,1,Nulo,0,3,0,0,0,0,0,0,0,0,0,0,0,0,0,0,0,0,0,0,0,0,0
101752,Claudinho,VIT,287,Lateral,2,Provável,0,4,0,0,0,0,0,0,0,0,0,0,0,0,0,0,0,0,0,0,0,0,0
104330,Dudu,VIT,287,Meia,4,Nulo,0,4,0,0,0,0,0,0,0,0,0,0,0,0,0,0,0,0,0,0,0,0,0
101597,Ramon,VIT,287,Lateral,2,Provável,0,5,0,0,0,0,0,0,0,0,0,0,0,0,0,0,0,0,0,0,0,0,0
109138,Kike Saverio,VIT,287,Atacante,5,Nulo,0,5,0,0,0,0,0,0,0,0,0,0,0,0,0,0,0,0,0,0,0,0,0
104118,Lucas Arcanjo,VIT,287,Goleiro,1,Provável,0,4,0,0,0,0,0,0,0,0,0,0,0,0,0,0,0,0,0,0,0,0,0
116461,Jamerson,VIT,287,Lateral,2,Nulo,0,4,0,0,0,0,0,0,0,0,0,0,0,0,0,0,0,0,0,0,0,0,0
111879,Matheus Silva,VIT,287,Lateral,2,Nulo,0,3,0,0,0,0,0,0,0,0,0,0,0,0,0,0,0,0,0,0,0,0,0
100969,Ronald Lopes,VIT,287,Meia,4,Provável,0,5,0,0,0,0,0,0,0,0,0,0,0,0,0,0,0,0,0,0,0,0,0
130620,Edenílson,VIT,287,Meia,4,Nulo,0,3,0,0,0,0,0,0,0,0,0,0,0,0,0,0,0,0,0,0,0,0,0
145099,Rúben Rodrigues,VIT,287,Meia,4,Nulo,0,5,0,0,0,0,0,0,0,0,0,0,0,0,0,0,0,0,0,0,0,0,0
129317,Felipe Cardoso,VIT,287,Meia,4,Nulo,0,3,0,0,0,0,0,0,0,0,0,0,0,0,0,0,0,0,0,0,0,0,0
111951,Renzo López,VIT,287,Atacante,5,Nulo,0,3,0,0,0,0,0,0,0,0,0,0,0,0,0,0,0,0,0,0,0,0,0
90031,Mendoza,CAP,293,Atacante,5,Nulo,0,6,0,0,0,0,0,0,0,0,0,0,0,0,0,0,0,0,0,0,0,0,0
145387,Rúben Ismael,VIT,287,Meia,4,Nulo,0,4,0,0,0,0,0,0,0,0,0,0,0,0,0,0,0,0,0,0,0,0,0
51548,Giuliano,CAP,293,Meia,4,Nulo,0,6,0,0,0,0,0,0,0,0,0,0,0,0,0,0,0,0,0,0,0,0,0
85626,Léo,CAP,293,Zagueiro,3,Nulo,0,5,0,0,0,0,0,0,0,0,0,0,0,0,0,0,0,0,0,0,0,0,0
78077,Madson,CAP,293,Lateral,2,Nulo,0,5,0,0,0,0,0,0,0,0,0,0,0,0,0,0,0,0,0,0,0,0,0
145510,Paulo Roberto,VIT,287,Lateral,2,Nulo,0,3,0,0,0,0,0,0,0,0,0,0,0,0,0,0,0,0,0,0,0,0,0
80129,Jadson,CAP,293,Meia,4,Provável,0,6,0,0,0,0,0,0,0,0,0,0,0,0,0,0,0,0,0,0,0,0,0
102561,Mastriani,CAP,293,Atacante,5,Nulo,0,4,0,0,0,0,0,0,0,0,0,0,0,0,0,0,0,0,0,0,0,0,0
92273,Odair Hellmann,CAP,293,Técnico,6,Provável,0,5,0,0,0,0,0,0,0,0,0,0,0,0,0,0,0,0,0,0,0,0,0
102796,Julimar,CAP,293,Atacante,5,Provável,0,4,0,0,0,0,0,0,0,0,0,0,0,0,0,0,0,0,0,0,0,0,0
113113,Benavídez,CAP,293,Lateral,2,Provável,0,4,0,0,0,0,0,0,0,0,0,0,0,0,0,0,0,0,0,0,0,0,0
90715,Luiz Fernando,CAP,293,Atacante,5,Nulo,0,5,0,0,0,0,0,0,0,0,0,0,0,0,0,0,0,0,0,0,0,0,0
105844,Belezi,CAP,293,Zagueiro,3,Nulo,0,3,0,0,0,0,0,0,0,0,0,0,0,0,0,0,0,0,0,0,0,0,0
92496,Raul,CAP,293,Meia,4,Nulo,0,4,0,0,0,0,0,0,0,0,0,0,0,0,0,0,0,0,0,0,0,0,0
105518,Renan Peixoto,CAP,293,Atacante,5,Nulo,0,4,0,0,0,0,0,0,0,0,0,0,0,0,0,0,0,0,0,0,0,0,0
112017,Felipinho,CAP,293,Meia,4,Provável,0,4,0,0,0,0,0,0,0,0,0,0,0,0,0,0,0,0,0,0,0,0,0
110668,Esquivel,CAP,293,Lateral,2,Nulo,0,4,0,0,0,0,0,0,0,0,0,0,0,0,0,0,0,0,0,0,0,0,0
107985,Terán,CAP,293,Zagueiro,3,Provável,0,4,0,0,0,0,0,0,0,0,0,0,0,0,0,0,0,0,0,0,0,0,0
115266,Renan Viana,CAP,293,Atacante,5,Nulo,0,2,0,0,0,0,0,0,0,0,0,0,0,0,0,0,0,0,0,0,0,0,0
115270,Habraão,CAP,293,Zagueiro,3,Nulo,0,3,0,0,0,0,0,0,0,0,0,0,0,0,0,0,0,0,0,0,0,0,0
110698,Mycael,CAP,293,Goleiro,1,Nulo,0,5,0,0,0,0,0,0,0,0,0,0,0,0,0,0,0,0,0,0,0,0,0
120433,Léo Derik,CAP,293,Lateral,2,Provável,0,2,0,0,0,0,0,0,0,0,0,0,0,0,0,0,0,0,0,0,0,0,0
107093,Luciano Juba,BAH,265,Lateral,2,Provável,0,7,0,0,0,0,0,0,0,0,0,0,0,0,0,0,0,0,0,0,0,0,0
123869,Aguirre,CAP,293,Zagueiro,3,Nulo,0,4,0,0,0,0,0,0,0,0,0,0,0,0,0,0,0,0,0,0,0,0,0
125746,Dudu,CAP,293,Meia,4,Nulo,0,1,0,0,0,0,0,0,0,0,0,0,0,0,0,0,0,0,0,0,0,0,0
122316,Batata,CAP,293,Lateral,2,Nulo,0,1,0,0,0,0,0,0,0,0,0,0,0,0,0,0,0,0,0,0,0,0,0
123101,Leozinho,CAP,293,Atacante,5,Nulo,0,3,0,0,0,0,0,0,0,0,0,0,0,0,0,0,0,0,0,0,0,0,0
125926,Zapelli,CAP,293,Meia,4,Provável,0,6,0,0,0,0,0,0,0,0,0,0,0,0,0,0,0,0,0,0,0,0,0
131832,Portilla,CAP,293,Meia,4,Provável,0,5,0,0,0,0,0,0,0,0,0,0,0,0,0,0,0,0,0,0,0,0,0
127970,Felipe Chiqueti,CAP,293,Meia,4,Nulo,0,1,0,0,0,0,0,0,0,0,0,0,0,0,0,0,0,0,0,0,0,0,0
128431,João Cruz,CAP,293,Meia,4,Nulo,0,5,0,0,0,0,0,0,0,0,0,0,0,0,0,0,0,0,0,0,0,0,0
128427,Alejandro García,CAP,293,Meia,4,Nulo,0,4,0,0,0,0,0,0,0,0,0,0,0,0,0,0,0,0,0,0,0,0,0
128429,Marcão,CAP,293,Zagueiro,3,Nulo,0,3,0,0,0,0,0,0,0,0,0,0,0,0,0,0,0,0,0,0,0,0,0
130842,Matheus Soares,CAP,293,Goleiro,1,Nulo,0,1,0,0,0,0,0,0,0,0,0,0,0,0,0,0,0,0,0,0,0,0,0
50742,Gabriel Leite,CFC,294,Goleiro,1,Nulo,0,3,0,0,0,0,0,0,0,0,0,0,0,0,0,0,0,0,0,0,0,0,0
143193,Viveros,CAP,293,Atacante,5,Provável,0,7,0,0,0,0,0,0,0,0,0,0,0,0,0,0,0,0,0,0,0,0,0
145609,Élan Ricardo,CAP,293,Meia,4,Nulo,0,3,0,0,0,0,0,0,0,0,0,0,0,0,0,0,0,0,0,0,0,0,0
63354,Rodrigo Moledo,CFC,294,Zagueiro,3,Nulo,0,3,0,0,0,0,0,0,0,0,0,0,0,0,0,0,0,0,0,0,0,0,0
143532,Carlos Eduardo,CAP,293,Goleiro,1,Nulo,0,1,0,0,0,0,0,0,0,0,0,0,0,0,0,0,0,0,0,0,0,0,0
81952,Willian Oliveira,CFC,294,Meia,4,Provável,0,5,0,0,0,0,0,0,0,0,0,0,0,0,0,0,0,0,0,0,0,0,0
90302,Pedro Rocha,CFC,294,Atacante,5,Provável,0,7,0,0,0,0,0,0,0,0,0,0,0,0,0,0,0,0,0,0,0,0,0
84339,Bruno Melo,CFC,294,Lateral,2,Provável,0,4,0,0,0,0,0,0,0,0,0,0,0,0,0,0,0,0,0,0,0,0,0
82628,Tinga,CFC,294,Lateral,2,Provável,0,5,0,0,0,0,0,0,0,0,0,0,0,0,0,0,0,0,0,0,0,0,0
71227,Maicon,CFC,294,Zagueiro,3,Provável,0,5,0,0,0,0,0,0,0,0,0,0,0,0,0,0,0,0,0,0,0,0,0
104811,Sebastián Gómez,CFC,294,Meia,4,Provável,0,4,0,0,0,0,0,0,0,0,0,0,0,0,0,0,0,0,0,0,0,0,0
101405,Wallisson,CFC,294,Meia,4,Nulo,0,3,0,0,0,0,0,0,0,0,0,0,0,0,0,0,0,0,0,0,0,0,0
110708,Pedro Rangel,CFC,294,Goleiro,1,Nulo,0,3,0,0,0,0,0,0,0,0,0,0,0,0,0,0,0,0,0,0,0,0,0
84626,Josué,CFC,294,Meia,4,Provável,0,6,0,0,0,0,0,0,0,0,0,0,0,0,0,0,0,0,0,0,0,0,0
84428,Fernando Sobral,CFC,294,Meia,4,Provável,0,5,0,0,0,0,0,0,0,0,0,0,0,0,0,0,0,0,0,0,0,0,0
97878,Jacy,CFC,294,Zagueiro,3,Provável,0,3,0,0,0,0,0,0,0,0,0,0,0,0,0,0,0,0,0,0,0,0,0
117930,Lavega,CFC,294,Atacante,5,Nulo,0,3,0,0,0,0,0,0,0,0,0,0,0,0,0,0,0,0,0,0,0,0,0
112576,Vini Paulista,CFC,294,Meia,4,Nulo,0,3,0,0,0,0,0,0,0,0,0,0,0,0,0,0,0,0,0,0,0,0,0
126977,Fernando Seabra,CFC,294,Técnico,6,Provável,0,4,0,0,0,0,0,0,0,0,0,0,0,0,0,0,0,0,0,0,0,0,0
123648,Lucas Ronier,CFC,294,Atacante,5,Nulo,0,4,0,0,0,0,0,0,0,0,0,0,0,0,0,0,0,0,0,0,0,0,0
133460,Felipe Guimarães,CFC,294,Lateral,2,Nulo,0,1,0,0,0,0,0,0,0,0,0,0,0,0,0,0,0,0,0,0,0,0,0
109127,Tiago Cóser,CFC,294,Zagueiro,3,Nulo,0,2,0,0,0,0,0,0,0,0,0,0,0,0,0,0,0,0,0,0,0,0,0
124834,Ruan Assis,CFC,294,Atacante,5,Nulo,0,1,0,0,0,0,0,0,0,0,0,0,0,0,0,0,0,0,0,0,0,0,0
124358,João Almeida,CFC,294,Lateral,2,Nulo,0,1,0,0,0,0,0,0,0,0,0,0,0,0,0,0,0,0,0,0,0,0,0
115840,Benassi,CFC,294,Goleiro,1,Nulo,0,1,0,0,0,0,0,0,0,0,0,0,0,0,0,0,0,0,0,0,0,0,0
141337,Lucas Taverna,CFC,294,Lateral,2,Nulo,0,1,0,0,0,0,0,0,0,0,0,0,0,0,0,0,0,0,0,0,0,0,0
125803,Pedro Morisco,CFC,294,Goleiro,1,Provável,0,6,0,0,0,0,0,0,0,0,0,0,0,0,0,0,0,0,0,0,0,0,0
125551,Jean Gabriel,CFC,294,Meia,4,Nulo,0,2,0,0,0,0,0,0,0,0,0,0,0,0,0,0,0,0,0,0,0,0,0
131279,Thiago Azaf,CFC,294,Atacante,5,Nulo,0,1,0,0,0,0,0,0,0,0,0,0,0,0,0,0,0,0,0,0,0,0,0
130283,Matheus Dias,CFC,294,Meia,4,Nulo,0,1,0,0,0,0,0,0,0,0,0,0,0,0,0,0,0,0,0,0,0,0,0
88065,Jorge,REM,364,Lateral,2,Dúvida,0,4,0,0,0,0,0,0,0,0,0,0,0,0,0,0,0,0,0,0,0,0,0
98224,Jáderson,REM,364,Meia,4,Provável,0,4,0,0,0,0,0,0,0,0,0,0,0,0,0,0,0,0,0,0,0,0,0
84708,Panagiotis Tachtsidis,REM,364,Meia,4,Nulo,0,3,0,0,0,0,0,0,0,0,0,0,0,0,0,0,0,0,0,0,0,0,0
82730,Marcelo Rangel,REM,364,Goleiro,1,Provável,0,4,0,0,0,0,0,0,0,0,0,0,0,0,0,0,0,0,0,0,0,0,0
84927,Dodô,REM,364,Meia,4,Nulo,0,3,0,0,0,0,0,0,0,0,0,0,0,0,0,0,0,0,0,0,0,0,0
85315,Cantillo,REM,364,Meia,4,Nulo,0,5,0,0,0,0,0,0,0,0,0,0,0,0,0,0,0,0,0,0,0,0,0
97795,Marcelinho,REM,364,Lateral,2,Provável,0,3,0,0,0,0,0,0,0,0,0,0,0,0,0,0,0,0,0,0,0,0,0
97735,Giovanni Pavani,REM,364,Meia,4,Nulo,0,3,0,0,0,0,0,0,0,0,0,0,0,0,0,0,0,0,0,0,0,0,0
95555,Sávio,REM,364,Lateral,2,Dúvida,0,4,0,0,0,0,0,0,0,0,0,0,0,0,0,0,0,0,0,0,0,0,0
83074,Ygor Vinhas,REM,364,Goleiro,1,Nulo,0,3,0,0,0,0,0,0,0,0,0,0,0,0,0,0,0,0,0,0,0,0,0
96831,Carlinhos,REM,364,Atacante,5,Provável,0,4,0,0,0,0,0,0,0,0,0,0,0,0,0,0,0,0,0,0,0,0,0
107700,Eduardo Melo,REM,364,Atacante,5,Nulo,0,2,0,0,0,0,0,0,0,0,0,0,0,0,0,0,0,0,0,0,0,0,0
104257,João Lucas,REM,364,Lateral,2,Nulo,0,5,0,0,0,0,0,0,0,0,0,0,0,0,0,0,0,0,0,0,0,0,0
111945,Diego Hernández,REM,364,Meia,4,Nulo,0,4,0,0,0,0,0,0,0,0,0,0,0,0,0,0,0,0,0,0,0,0,0
101717,Marrony,REM,364,Atacante,5,Nulo,0,4,0,0,0,0,0,0,0,0,0,0,0,0,0,0,0,0,0,0,0,0,0
132553,Jemmes,FLU,266,Zagueiro,3,Provável,0,6,0,0,0,0,0,0,0,0,0,0,0,0,0,0,0,0,0,0,0,0,0
117338,Yago Ferreira,REM,364,Meia,4,Nulo,0,2,0,0,0,0,0,0,0,0,0,0,0,0,0,0,0,0,0,0,0,0,0
107172,Patrick de Paula,REM,364,Meia,4,Provável,0,5,0,0,0,0,0,0,0,0,0,0,0,0,0,0,0,0,0,0,0,0,0
102911,Zé Ricardo,REM,364,Meia,4,Nulo,0,3,0,0,0,0,0,0,0,0,0,0,0,0,0,0,0,0,0,0,0,0,0
142593,Nicolás Ferreira,REM,364,Atacante,5,Nulo,0,3,0,0,0,0,0,0,0,0,0,0,0,0,0,0,0,0,0,0,0,0,0
145782,Cristian Tassano,REM,364,Zagueiro,3,Nulo,0,3,0,0,0,0,0,0,0,0,0,0,0,0,0,0,0,0,0,0,0,0,0
122441,Kayky Almeida,REM,364,Zagueiro,3,Provável,0,2,0,0,0,0,0,0,0,0,0,0,0,0,0,0,0,0,0,0,0,0,0
68822,Rafael Santos,CHA,315,Goleiro,1,Provável,0,3,0,0,0,0,0,0,0,0,0,0,0,0,0,0,0,0,0,0,0,0,0
146040,João Pedro,REM,364,Atacante,5,Nulo,0,3,0,0,0,0,0,0,0,0,0,0,0,0,0,0,0,0,0,0,0,0,0
141386,Marcos Alexandre,REM,364,Goleiro,1,Nulo,0,1,0,0,0,0,0,0,0,0,0,0,0,0,0,0,0,0,0,0,0,0,0
68938,Giovanni Augusto,CHA,315,Meia,4,Provável,0,5,0,0,0,0,0,0,0,0,0,0,0,0,0,0,0,0,0,0,0,0,0
70958,Jean Carlos,CHA,315,Meia,4,Nulo,0,4,0,0,0,0,0,0,0,0,0,0,0,0,0,0,0,0,0,0,0,0,0
141385,João Victor,REM,364,Goleiro,1,Nulo,0,1,0,0,0,0,0,0,0,0,0,0,0,0,0,0,0,0,0,0,0,0,0
71043,Léo Vieira,CHA,315,Goleiro,1,Nulo,0,2,0,0,0,0,0,0,0,0,0,0,0,0,0,0,0,0,0,0,0,0,0
88293,Neto Pessoa,CHA,315,Atacante,5,Contundido,0,3,0,0,0,0,0,0,0,0,0,0,0,0,0,0,0,0,0,0,0,0,0
94286,Perotti,CHA,315,Atacante,5,Nulo,0,4,0,0,0,0,0,0,0,0,0,0,0,0,0,0,0,0,0,0,0,0,0
72491,Bressan,CHA,315,Zagueiro,3,Nulo,0,3,0,0,0,0,0,0,0,0,0,0,0,0,0,0,0,0,0,0,0,0,0
83048,Rafael Thyere,CHA,315,Zagueiro,3,Contundido,0,4,0,0,0,0,0,0,0,0,0,0,0,0,0,0,0,0,0,0,0,0,0
95620,Bruno Leonardo,CHA,315,Zagueiro,3,Nulo,0,3,0,0,0,0,0,0,0,0,0,0,0,0,0,0,0,0,0,0,0,0,0
97432,Victor Caetano,CHA,315,Zagueiro,3,Provável,0,3,0,0,0,0,0,0,0,0,0,0,0,0,0,0,0,0,0,0,0,0,0
73481,Gilmar Dal Pozzo,CHA,315,Técnico,6,Provável,0,3,0,0,0,0,0,0,0,0,0,0,0,0,0,0,0,0,0,0,0,0,0
95332,Marcinho,CHA,315,Atacante,5,Provável,0,3,0,0,0,0,0,0,0,0,0,0,0,0,0,0,0,0,0,0,0,0,0
101393,Eduardo Doma,CHA,315,Zagueiro,3,Provável,0,2,0,0,0,0,0,0,0,0,0,0,0,0,0,0,0,0,0,0,0,0,0
97969,Marcos Vinícius,CHA,315,Lateral,2,Nulo,0,3,0,0,0,0,0,0,0,0,0,0,0,0,0,0,0,0,0,0,0,0,0
105664,Walter Clar,CHA,315,Lateral,2,Provável,0,4,0,0,0,0,0,0,0,0,0,0,0,0,0,0,0,0,0,0,0,0,0
107516,Ênio,CHA,315,Atacante,5,Nulo,0,4,0,0,0,0,0,0,0,0,0,0,0,0,0,0,0,0,0,0,0,0,0
104470,Everton,CHA,315,Lateral,2,Provável,0,3,0,0,0,0,0,0,0,0,0,0,0,0,0,0,0,0,0,0,0,0,0
104519,Camilo,CHA,315,Meia,4,Nulo,0,4,0,0,0,0,0,0,0,0,0,0,0,0,0,0,0,0,0,0,0,0,0
103987,Higor Meritão,CHA,315,Meia,4,Provável,0,4,0,0,0,0,0,0,0,0,0,0,0,0,0,0,0,0,0,0,0,0,0
102906,Anderson,CHA,315,Goleiro,1,Nulo,0,3,0,0,0,0,0,0,0,0,0,0,0,0,0,0,0,0,0,0,0,0,0
111279,Mancha,CHA,315,Lateral,2,Nulo,0,3,0,0,0,0,0,0,0,0,0,0,0,0,0,0,0,0,0,0,0,0,0
109336,Rafael Carvalheira,CHA,315,Meia,4,Provável,0,4,0,0,0,0,0,0,0,0,0,0,0,0,0,0,0,0,0,0,0,0,0
107453,João Paulo,CHA,315,Zagueiro,3,Provável,0,3,0,0,0,0,0,0,0,0,0,0,0,0,0,0,0,0,0,0,0,0,0
122138,João Vitor,CHA,315,Meia,4,Nulo,0,3,0,0,0,0,0,0,0,0,0,0,0,0,0,0,0,0,0,0,0,0,0
111802,Jhonnathan,CHA,315,Zagueiro,3,Nulo,0,2,0,0,0,0,0,0,0,0,0,0,0,0,0,0,0,0,0,0,0,0,0
116066,Rubens,CHA,315,Atacante,5,Nulo,0,2,0,0,0,0,0,0,0,0,0,0,0,0,0,0,0,0,0,0,0,0,0
130414,Robert,CHA,315,Meia,4,Nulo,0,3,0,0,0,0,0,0,0,0,0,0,0,0,0,0,0,0,0,0,0,0,0
121870,Gustavo Talles,CHA,315,Lateral,2,Nulo,0,2,0,0,0,0,0,0,0,0,0,0,0,0,0,0,0,0,0,0,0,0,0
130843,Arthur Dias,CAP,293,Zagueiro,3,Provável,0,3,0,0,0,0,0,0,0,0,0,0,0,0,0,0,0,0,0,0,0,0,0
123625,Ítalo,CHA,315,Atacante,5,Nulo,0,2,0,0,0,0,0,0,0,0,0,0,0,0,0,0,0,0,0,0,0,0,0
140438,David,CHA,315,Meia,4,Nulo,0,1,0,0,0,0,0,0,0,0,0,0,0,0,0,0,0,0,0,0,0,0,0
99552,Rossi,FLA,262,Goleiro,1,Provável,0,9,0,0,0,0,0,0,0,0,0,0,0,0,0,0,0,0,0,0,0,0,0
130806,Kauan,CHA,315,Zagueiro,3,Nulo,0,1,0,0,0,0,0,0,0,0,0,0,0,0,0,0,0,0,0,0,0,0,0
99147,Rodrigo Rodrigues,MIR,2305,Atacante,5,Nulo,0,4,0,0,0,0,0,0,0,0,0,0,0,0,0,0,0,0,0,0,0,0,0
110426,Bernabéi,INT,285,Lateral,2,Provável,0,11,0,0,0,0,0,0,0,0,0,0,0,0,0,0,0,0,0,0,0,0,0
130619,Mailson,CHA,315,Atacante,5,Provável,0,2,0,0,0,0,0,0,0,0,0,0,0,0,0,0,0,0,0,0,0,0,0
141812,Palacios,CHA,315,Atacante,5,Nulo,0,2,0,0,0,0,0,0,0,0,0,0,0,0,0,0,0,0,0,0,0,0,0
68708,Eduardo,MIR,2305,Meia,4,Nulo,0,6,0,0,0,0,0,0,0,0,0,0,0,0,0,0,0,0,0,0,0,0,0
97900,Vitão,FLA,262,Zagueiro,3,Nulo,0,9,0,0,0,0,0,0,0,0,0,0,0,0,0,0,0,0,0,0,0,0,0
124674,Felipe Negrucci,SAO,276,Meia,4,Nulo,0,2,0,0,0,0,0,0,0,0,0,0,0,0,0,0,0,0,0,0,0,0,0
78850,Reinaldo,MIR,2305,Lateral,2,Provável,0,17,0,0,0,0,0,0,0,0,0,0,0,0,0,0,0,0,0,0,0,0,0
89368,Braithwaite,GRE,284,Atacante,5,Nulo,0,13,0,0,0,0,0,0,0,0,0,0,0,0,0,0,0,0,0,0,0,0,0
51772,Everton Ribeiro,BAH,265,Meia,4,Provável,0,10,0,0,0,0,0,0,0,0,0,0,0,0,0,0,0,0,0,0,0,0,0
89837,Lucho Acosta,FLU,266,Meia,4,Provável,0,8,0,0,0,0,0,0,0,0,0,0,0,0,0,0,0,0,0,0,0,0,0
112709,Kaiki Bruno,CRU,283,Lateral,2,Provável,0,14,0,0,0,0,0,0,0,0,0,0,0,0,0,0,0,0,0,0,0,0,0
141776,Gustavo Henrique,SAN,277,Meia,4,Nulo,0,2,0,0,0,0,0,0,0,0,0,0,0,0,0,0,0,0,0,0,0,0,0
100652,Yuri Alberto,COR,264,Atacante,5,Provável,0,19,0,0,0,0,0,0,0,0,0,0,0,0,0,0,0,0,0,0,0,0,0
80287,Luciano,SAO,276,Atacante,5,Provável,0,18,0,0,0,0,0,0,0,0,0,0,0,0,0,0,0,0,0,0,0,0,0
109573,Martinelli,FLU,266,Meia,4,Provável,0,9,0,0,0,0,0,0,0,0,0,0,0,0,0,0,0,0,0,0,0,0,0
89274,Andreas Pereira,PAL,275,Meia,4,Contundido,0,15,0,0,0,0,0,0,0,0,0,0,0,0,0,0,0,0,0,0,0,0,0
126471,Barreal,SAN,277,Meia,4,Provável,0,12,0,0,0,0,0,0,0,0,0,0,0,0,0,0,0,0,0,0,0,0,0
122781,Caballero,SAN,277,Atacante,5,Nulo,0,4,0,0,0,0,0,0,0,0,0,0,0,0,0,0,0,0,0,0,0,0,0
39148,Hulk,CAM,282,Atacante,5,Provável,0,16,0,0,0,0,0,0,0,0,0,0,0,0,0,0,0,0,0,0,0,0,0
147297,William Fernando,CRU,283,Lateral,2,Nulo,0,1,0,0,0,0,0,0,0,0,0,0,0,0,0,0,0,0,0,0,0,0,0
115025,Miguelito,SAN,277,Meia,4,Nulo,0,4,0,0,0,0,0,0,0,0,0,0,0,0,0,0,0,0,0,0,0,0,0
144423,Nicolas Pontes,CRU,283,Lateral,2,Nulo,0,1,0,0,0,0,0,0,0,0,0,0,0,0,0,0,0,0,0,0,0,0,0
117842,Vitinho,CRU,283,Meia,4,Nulo,0,2,0,0,0,0,0,0,0,0,0,0,0,0,0,0,0,0,0,0,0,0,0
122127,Fernando,CRU,283,Atacante,5,Nulo,0,1,0,0,0,0,0,0,0,0,0,0,0,0,0,0,0,0,0,0,0,0,0
133673,Mateus Xavier,SAN,277,Atacante,5,Nulo,0,2,0,0,0,0,0,0,0,0,0,0,0,0,0,0,0,0,0,0,0,0,0
142049,Bruno Alves,CRU,283,Zagueiro,3,Nulo,0,2,0,0,0,0,0,0,0,0,0,0,0,0,0,0,0,0,0,0,0,0,0
106104,Enamorado,GRE,284,Atacante,5,Nulo,0,9,0,0,0,0,0,0,0,0,0,0,0,0,0,0,0,0,0,0,0,0,0
146992,Cauan Baptistella,CRU,283,Meia,4,Nulo,0,2,0,0,0,0,0,0,0,0,0,0,0,0,0,0,0,0,0,0,0,0,0
103445,Kaio Jorge,CRU,283,Atacante,5,Provável,0,17,0,0,0,0,0,0,0,0,0,0,0,0,0,0,0,0,0,0,0,0,0
128433,Johan Rojas,VAS,267,Meia,4,Nulo,0,6,0,0,0,0,0,0,0,0,0,0,0,0,0,0,0,0,0,0,0,0,0
147287,Kaiquy Luiz,CRU,283,Zagueiro,3,Nulo,0,1,0,0,0,0,0,0,0,0,0,0,0,0,0,0,0,0,0,0,0,0,0
123649,Janderson,CRU,283,Zagueiro,3,Nulo,0,1,0,0,0,0,0,0,0,0,0,0,0,0,0,0,0,0,0,0,0,0,0
146991,Rhuan Gabriel,CRU,283,Meia,4,Nulo,0,1,0,0,0,0,0,0,0,0,0,0,0,0,0,0,0,0,0,0,0,0,0
94583,Pedro,FLA,262,Atacante,5,Provável,0,20,0,0,0,0,0,0,0,0,0,0,0,0,0,0,0,0,0,0,0,0,0
142130,Marcelo Eráclito,CRU,283,Goleiro,1,Nulo,0,1,0,0,0,0,0,0,0,0,0,0,0,0,0,0,0,0,0,0,0,0,0
86292,Bolasie,CHA,315,Atacante,5,Nulo,0,6,0,0,0,0,0,0,0,0,0,0,0,0,0,0,0,0,0,0,0,0,0
78946,Dória,SAO,276,Zagueiro,3,Nulo,0,7,0,0,0,0,0,0,0,0,0,0,0,0,0,0,0,0,0,0,0,0,0
114802,Vitor Roque,PAL,275,Atacante,5,Provável,0,21,0,0,0,0,0,0,0,0,0,0,0,0,0,0,0,0,0,0,0,0,0
112367,Thalisson Gabriel,REM,364,Zagueiro,3,Nulo,0,3,0,0,0,0,0,0,0,0,0,0,0,0,0,0,0,0,0,0,0,0,0
91639,Igor Cariús,MIR,2305,Lateral,2,Nulo,0,3,0,0,0,0,0,0,0,0,0,0,0,0,0,0,0,0,0,0,0,0,0
101908,Willian Machado,MIR,2305,Zagueiro,3,Nulo,0,5,0,0,0,0,0,0,0,0,0,0,0,0,0,0,0,0,0,0,0,0,0
115986,Denilson,MIR,2305,Meia,4,Nulo,0,5,0,0,0,0,0,0,0,0,0,0,0,0,0,0,0,0,0,0,0,0,0
118655,Saldivia,VAS,267,Zagueiro,3,Nulo,0,6,0,0,0,0,0,0,0,0,0,0,0,0,0,0,0,0,0,0,0,0,0
145400,Cauê,RBB,280,Lateral,2,Nulo,0,2,0,0,0,0,0,0,0,0,0,0,0,0,0,0,0,0,0,0,0,0,0
108713,Galeano,MIR,2305,Atacante,5,Nulo,0,8,0,0,0,0,0,0,0,0,0,0,0,0,0,0,0,0,0,0,0,0,0
126182,Paulinho,INT,285,Meia,4,Nulo,0,5,0,0,0,0,0,0,0,0,0,0,0,0,0,0,0,0,0,0,0,0,0
81121,Lucas Mugni,MIR,2305,Meia,4,Nulo,0,7,0,0,0,0,0,0,0,0,0,0,0,0,0,0,0,0,0,0,0,0,0
131516,JP Chermont,SAN,277,Lateral,2,Nulo,0,2,0,0,0,0,0,0,0,0,0,0,0,0,0,0,0,0,0,0,0,0,0
133696,Wallace Davi,FLU,266,Meia,4,Nulo,0,4,0,0,0,0,0,0,0,0,0,0,0,0,0,0,0,0,0,0,0,0,0
124758,Gustavo Henrique,RBB,280,Zagueiro,3,Nulo,0,3,0,0,0,0,0,0,0,0,0,0,0,0,0,0,0,0,0,0,0,0,0
126120,Marcelinho,RBB,280,Meia,4,Nulo,0,1,0,0,0,0,0,0,0,0,0,0,0,0,0,0,0,0,0,0,0,0,0
122487,GB,VAS,267,Atacante,5,Nulo,0,4,0,0,0,0,0,0,0,0,0,0,0,0,0,0,0,0,0,0,0,0,0
130255,Guilherme Estrella,VAS,267,Meia,4,Nulo,0,3,0,0,0,0,0,0,0,0,0,0,0,0,0,0,0,0,0,0,0,0,0
130280,Phillipe Gabriel,VAS,267,Goleiro,1,Nulo,0,1,0,0,0,0,0,0,0,0,0,0,0,0,0,0,0,0,0,0,0,0,0
132412,Román Gómez,BAH,265,Lateral,2,Nulo,0,5,0,0,0,0,0,0,0,0,0,0,0,0,0,0,0,0,0,0,0,0,0
141139,Mateus Iseppe,CAM,282,Meia,4,Nulo,0,2,0,0,0,0,0,0,0,0,0,0,0,0,0,0,0,0,0,0,0,0,0
94514,Lucas Oliveira,MIR,2305,Zagueiro,3,Nulo,0,4,0,0,0,0,0,0,0,0,0,0,0,0,0,0,0,0,0,0,0,0,0
147090,Kauã Pascini,CAM,282,Lateral,2,Nulo,0,1,0,0,0,0,0,0,0,0,0,0,0,0,0,0,0,0,0,0,0,0,0
102909,Luan Vinícius,SAO,276,Meia,4,Nulo,0,4,0,0,0,0,0,0,0,0,0,0,0,0,0,0,0,0,0,0,0,0,0
90061,Bruno Pacheco,CHA,315,Lateral,2,Nulo,0,6,0,0,0,0,0,0,0,0,0,0,0,0,0,0,0,0,0,0,0,0,0
114040,Minda,CAM,282,Atacante,5,Nulo,0,9,0,0,0,0,0,0,0,0,0,0,0,0,0,0,0,0,0,0,0,0,0
141131,Vitão,CAM,282,Zagueiro,3,Nulo,0,1,0,0,0,0,0,0,0,0,0,0,0,0,0,0,0,0,0,0,0,0,0
94154,Maycon,CAM,282,Meia,4,Nulo,0,7,0,0,0,0,0,0,0,0,0,0,0,0,0,0,0,0,0,0,0,0,0
146894,João Bom,CHA,315,Atacante,5,Nulo,0,2,0,0,0,0,0,0,0,0,0,0,0,0,0,0,0,0,0,0,0,0,0
70666,Marllon,REM,364,Zagueiro,3,Nulo,0,5,0,0,0,0,0,0,0,0,0,0,0,0,0,0,0,0,0,0,0,0,0
130048,Noriega,GRE,284,Zagueiro,3,Nulo,0,5,0,0,0,0,0,0,0,0,0,0,0,0,0,0,0,0,0,0,0,0,0
83433,Patrick,REM,364,Meia,4,Nulo,0,5,0,0,0,0,0,0,0,0,0,0,0,0,0,0,0,0,0,0,0,0,0
91251,Rodrigues,MIR,2305,Zagueiro,3,Nulo,0,4,0,0,0,0,0,0,0,0,0,0,0,0,0,0,0,0,0,0,0,0,0
103183,Andrew,FLA,262,Goleiro,1,Nulo,0,3,0,0,0,0,0,0,0,0,0,0,0,0,0,0,0,0,0,0,0,0,0
143455,PH Gama,REM,364,Meia,4,Nulo,0,2,0,0,0,0,0,0,0,0,0,0,0,0,0,0,0,0,0,0,0,0,0
93988,Breno Lopes,CFC,294,Atacante,5,Provável,0,8,0,0,0,0,0,0,0,0,0,0,0,0,0,0,0,0,0,0,0,0,0
101254,Alef Manga,REM,364,Atacante,5,Provável,0,5,0,0,0,0,0,0,0,0,0,0,0,0,0,0,0,0,0,0,0,0,0
106302,Preciado,CAM,282,Lateral,2,Nulo,0,8,0,0,0,0,0,0,0,0,0,0,0,0,0,0,0,0,0,0,0,0,0
122439,Isaac,CAP,293,Atacante,5,Nulo,0,2,0,0,0,0,0,0,0,0,0,0,0,0,0,0,0,0,0,0,0,0,0
68685,Alan Patrick,INT,285,Meia,4,Provável,0,8,0,0,0,0,0,0,0,0,0,0,0,0,0,0,0,0,0,0,0,0,0
104502,Christian,CRU,283,Meia,4,Provável,0,9,0,0,0,0,0,0,0,0,0,0,0,0,0,0,0,0,0,0,0,0,0
100842,Ruan,CAM,282,Zagueiro,3,Nulo,0,6,0,0,0,0,0,0,0,0,0,0,0,0,0,0,0,0,0,0,0,0,0
99198,Vegetti,VAS,267,Atacante,5,Nulo,0,11,0,0,0,0,0,0,0,0,0,0,0,0,0,0,0,0,0,0,0,0,0
115563,Rodriguinho,CRU,283,Meia,4,Nulo,0,3,0,0,0,0,0,0,0,0,0,0,0,0,0,0,0,0,0,0,0,0,0
103056,Gabriel Brazão,SAN,277,Goleiro,1,Provável,0,10,0,0,0,0,0,0,0,0,0,0,0,0,0,0,0,0,0,0,0,0,0
73717,Juan Carlos Osorio,REM,364,Técnico,6,Provável,0,6,0,0,0,0,0,0,0,0,0,0,0,0,0,0,0,0,0,0,0,0,0
97810,Erick,VIT,287,Atacante,5,Provável,0,7,0,0,0,0,0,0,0,0,0,0,0,0,0,0,0,0,0,0,0,0,0
92171,Arthur Cabral,BOT,263,Atacante,5,Dúvida,0,8,0,0,0,0,0,0,0,0,0,0,0,0,0,0,0,0,0,0,0,0,0
68899,Philippe Coutinho,VAS,267,Meia,4,Provável,0,12,0,0,0,0,0,0,0,0,0,0,0,0,0,0,0,0,0,0,0,0,0
68928,Rafael,SAO,276,Goleiro,1,Provável,0,9,0,0,0,0,0,0,0,0,0,0,0,0,0,0,0,0,0,0,0,0,0
105949,Rochet,INT,285,Goleiro,1,Provável,0,8,0,0,0,0,0,0,0,0,0,0,0,0,0,0,0,0,0,0,0,0,0
69012,Santos,CAP,293,Goleiro,1,Provável,0,8,0,0,0,0,0,0,0,0,0,0,0,0,0,0,0,0,0,0,0,0,0
104758,Enzo Díaz,SAO,276,Lateral,2,Nulo,0,8,0,0,0,0,0,0,0,0,0,0,0,0,0,0,0,0,0,0,0,0,0
63007,Neymar,SAN,277,Meia,4,Contundido,0,19,0,0,0,0,0,0,0,0,0,0,0,0,0,0,0,0,0,0,0,0,0
42234,Cássio,CRU,283,Goleiro,1,Provável,0,13,0,0,0,0,0,0,0,0,0,0,0,0,0,0,0,0,0,0,0,0,0
72294,Everson,CAM,282,Goleiro,1,Provável,0,11,0,0,0,0,0,0,0,0,0,0,0,0,0,0,0,0,0,0,0,0,0
61987,Alex Sandro,FLA,262,Lateral,2,Provável,0,12,0,0,0,0,0,0,0,0,0,0,0,0,0,0,0,0,0,0,0,0,0
96591,Renan Lodi,CAM,282,Lateral,2,Provável,0,11,0,0,0,0,0,0,0,0,0,0,0,0,0,0,0,0,0,0,0,0,0
100898,Vitinho,BOT,263,Lateral,2,Provável,0,9,0,0,0,0,0,0,0,0,0,0,0,0,0,0,0,0,0,0,0,0,0
87008,Léo Jardim,VAS,267,Goleiro,1,Provável,0,11,0,0,0,0,0,0,0,0,0,0,0,0,0,0,0,0,0,0,0,0,0
80196,Yago Pikachu,REM,364,Meia,4,Provável,0,7,0,0,0,0,0,0,0,0,0,0,0,0,0,0,0,0,0,0,0,0,0
90768,Fabrício Bruno,CRU,283,Zagueiro,3,Provável,0,12,0,0,0,0,0,0,0,0,0,0,0,0,0,0,0,0,0,0,0,0,0
37656,Fábio,FLU,266,Goleiro,1,Provável,0,12,0,0,0,0,0,0,0,0,0,0,0,0,0,0,0,0,0,0,0,0,0
105436,Carrascal,FLA,262,Meia,4,Provável,0,13,0,0,0,0,0,0,0,0,0,0,0,0,0,0,0,0,0,0,0,0,0
101727,Matheuzinho,COR,264,Lateral,2,Provável,0,12,0,0,0,0,0,0,0,0,0,0,0,0,0,0,0,0,0,0,0,0,0
99274,Alexander Barboza,BOT,263,Zagueiro,3,Provável,0,11,0,0,0,0,0,0,0,0,0,0,0,0,0,0,0,0,0,0,0,0,0
115248,Jhon Jhon,RBB,280,Meia,4,Provável,0,14,0,0,0,0,0,0,0,0,0,0,0,0,0,0,0,0,0,0,0,0,0
91772,David Duarte,BAH,265,Zagueiro,3,Provável,0,5,0,0,0,0,0,0,0,0,0,0,0,0,0,0,0,0,0,0,0,0,0
80313,Gilberto,BAH,265,Lateral,2,Provável,0,7,0,0,0,0,0,0,0,0,0,0,0,0,0,0,0,0,0,0,0,0,0
85425,João Paulo,BAH,265,Goleiro,1,Nulo,0,6,0,0,0,0,0,0,0,0,0,0,0,0,0,0,0,0,0,0,0,0,0
123717,Zé Guilherme,BAH,265,Lateral,2,Nulo,0,3,0,0,0,0,0,0,0,0,0,0,0,0,0,0,0,0,0,0,0,0,0
97868,Iago,BAH,265,Lateral,2,Nulo,0,4,0,0,0,0,0,0,0,0,0,0,0,0,0,0,0,0,0,0,0,0,0
91101,Ronaldo,BAH,265,Goleiro,1,Provável,0,6,0,0,0,0,0,0,0,0,0,0,0,0,0,0,0,0,0,0,0,0,0
109401,Erick Pulga,BAH,265,Atacante,5,Provável,0,10,0,0,0,0,0,0,0,0,0,0,0,0,0,0,0,0,0,0,0,0,0
68996,Willian José,BAH,265,Atacante,5,Provável,0,12,0,0,0,0,0,0,0,0,0,0,0,0,0,0,0,0,0,0,0,0,0
98484,Kanu,BAH,265,Zagueiro,3,Provável,0,4,0,0,0,0,0,0,0,0,0,0,0,0,0,0,0,0,0,0,0,0,0
98022,Erick,BAH,265,Meia,4,Nulo,0,7,0,0,0,0,0,0,0,0,0,0,0,0,0,0,0,0,0,0,0,0,0
101314,Ademir,BAH,265,Atacante,5,Provável,0,8,0,0,0,0,0,0,0,0,0,0,0,0,0,0,0,0,0,0,0,0,0
105373,Gabriel Xavier,BAH,265,Zagueiro,3,Nulo,0,5,0,0,0,0,0,0,0,0,0,0,0,0,0,0,0,0,0,0,0,0,0
104783,Acevedo,BAH,265,Meia,4,Nulo,0,5,0,0,0,0,0,0,0,0,0,0,0,0,0,0,0,0,0,0,0,0,0
113397,Cristian Olivera,BAH,265,Atacante,5,Nulo,0,6,0,0,0,0,0,0,0,0,0,0,0,0,0,0,0,0,0,0,0,0,0
106323,Caio Alexandre,BAH,265,Meia,4,Provável,0,7,0,0,0,0,0,0,0,0,0,0,0,0,0,0,0,0,0,0,0,0,0
98517,Jean Lucas,BAH,265,Meia,4,Provável,0,9,0,0,0,0,0,0,0,0,0,0,0,0,0,0,0,0,0,0,0,0,0
105990,Santiago Mingo,BAH,265,Zagueiro,3,Nulo,0,6,0,0,0,0,0,0,0,0,0,0,0,0,0,0,0,0,0,0,0,0,0
107173,Michel Araújo,BAH,265,Meia,4,Nulo,0,6,0,0,0,0,0,0,0,0,0,0,0,0,0,0,0,0,0,0,0,0,0
122994,Victor Nascimento,BAH,265,Goleiro,1,Nulo,0,1,0,0,0,0,0,0,0,0,0,0,0,0,0,0,0,0,0,0,0,0,0
123360,Cauly,BAH,265,Meia,4,Nulo,0,6,0,0,0,0,0,0,0,0,0,0,0,0,0,0,0,0,0,0,0,0,0
90449,Rezende,BAH,265,Meia,4,Nulo,0,3,0,0,0,0,0,0,0,0,0,0,0,0,0,0,0,0,0,0,0,0,0
111829,Kayky,BAH,265,Atacante,5,Nulo,0,5,0,0,0,0,0,0,0,0,0,0,0,0,0,0,0,0,0,0,0,0,0
68806,Neto,BOT,263,Goleiro,1,Nulo,0,8,0,0,0,0,0,0,0,0,0,0,0,0,0,0,0,0,0,0,0,0,0
141419,Fredi Lippert,BAH,265,Zagueiro,3,Nulo,0,2,0,0,0,0,0,0,0,0,0,0,0,0,0,0,0,0,0,0,0,0,0
145379,Kauê Furquim,BAH,265,Atacante,5,Nulo,0,2,0,0,0,0,0,0,0,0,0,0,0,0,0,0,0,0,0,0,0,0,0
106822,Rodrigo Nestor,BAH,265,Meia,4,Nulo,0,7,0,0,0,0,0,0,0,0,0,0,0,0,0,0,0,0,0,0,0,0,0
136955,Sanabria,BAH,265,Atacante,5,Nulo,0,6,0,0,0,0,0,0,0,0,0,0,0,0,0,0,0,0,0,0,0,0,0
97341,Rogério Ceni,BAH,265,Técnico,6,Provável,0,11,0,0,0,0,0,0,0,0,0,0,0,0,0,0,0,0,0,0,0,0,0
72493,Alex Telles,BOT,263,Lateral,2,Provável,0,12,0,0,0,0,0,0,0,0,0,0,0,0,0,0,0,0,0,0,0,0,0
129663,Ruan Pablo,BAH,265,Atacante,5,Nulo,0,2,0,0,0,0,0,0,0,0,0,0,0,0,0,0,0,0,0,0,0,0,0
96353,Joaquín Correa,BOT,263,Atacante,5,Dúvida,0,8,0,0,0,0,0,0,0,0,0,0,0,0,0,0,0,0,0,0,0,0,0
101002,Júnior Santos,CAM,282,Atacante,5,Nulo,0,5,0,0,0,0,0,0,0,0,0,0,0,0,0,0,0,0,0,0,0,0,0
111831,Matheus Martins,BOT,263,Atacante,5,Nulo,0,5,0,0,0,0,0,0,0,0,0,0,0,0,0,0,0,0,0,0,0,0,0
107183,Léo Linck,BOT,263,Goleiro,1,Provável,0,6,0,0,0,0,0,0,0,0,0,0,0,0,0,0,0,0,0,0,0,0,0
108274,David Ricardo,BOT,263,Zagueiro,3,Nulo,0,7,0,0,0,0,0,0,0,0,0,0,0,0,0,0,0,0,0,0,0,0,0
117965,Martín Anselmi,BOT,263,Técnico,6,Provável,0,6,0,0,0,0,0,0,0,0,0,0,0,0,0,0,0,0,0,0,0,0,0
126013,Ythallo,BOT,263,Zagueiro,3,Dúvida,0,4,0,0,0,0,0,0,0,0,0,0,0,0,0,0,0,0,0,0,0,0,0
97468,Marçal,BOT,263,Lateral,2,Dúvida,0,6,0,0,0,0,0,0,0,0,0,0,0,0,0,0,0,0,0,0,0,0,0
98280,Bastos,BOT,263,Zagueiro,3,Nulo,0,6,0,0,0,0,0,0,0,0,0,0,0,0,0,0,0,0,0,0,0,0,0
95799,Artur,BOT,263,Atacante,5,Provável,0,8,0,0,0,0,0,0,0,0,0,0,0,0,0,0,0,0,0,0,0,0,0
129930,Cristhian Loor,BOT,263,Goleiro,1,Nulo,0,2,0,0,0,0,0,0,0,0,0,0,0,0,0,0,0,0,0,0,0,0,0
104693,Newton,BOT,263,Meia,4,Provável,0,5,0,0,0,0,0,0,0,0,0,0,0,0,0,0,0,0,0,0,0,0,0
104191,Raul,BOT,263,Goleiro,1,Nulo,0,3,0,0,0,0,0,0,0,0,0,0,0,0,0,0,0,0,0,0,0,0,0
69140,Allan,BOT,263,Meia,4,Nulo,0,6,0,0,0,0,0,0,0,0,0,0,0,0,0,0,0,0,0,0,0,0,0
124757,Nathan Fernandes,BOT,263,Atacante,5,Nulo,0,5,0,0,0,0,0,0,0,0,0,0,0,0,0,0,0,0,0,0,0,0,0
105214,Santiago Rodríguez,BOT,263,Meia,4,Provável,0,8,0,0,0,0,0,0,0,0,0,0,0,0,0,0,0,0,0,0,0,0,0
91158,Kaio,BOT,263,Zagueiro,3,Nulo,0,7,0,0,0,0,0,0,0,0,0,0,0,0,0,0,0,0,0,0,0,0,0
98672,Savarino,BOT,263,Meia,4,Nulo,0,10,0,0,0,0,0,0,0,0,0,0,0,0,0,0,0,0,0,0,0,0,0
146375,Kadir,BOT,263,Atacante,5,Nulo,0,5,0,0,0,0,0,0,0,0,0,0,0,0,0,0,0,0,0,0,0,0,0
107231,Danilo,BOT,263,Meia,4,Provável,0,10,0,0,0,0,0,0,0,0,0,0,0,0,0,0,0,0,0,0,0,0,0
103179,Chris Ramos,BOT,263,Atacante,5,Nulo,0,7,0,0,0,0,0,0,0,0,0,0,0,0,0,0,0,0,0,0,0,0,0
142890,Montoro,BOT,263,Meia,4,Dúvida,0,9,0,0,0,0,0,0,0,0,0,0,0,0,0,0,0,0,0,0,0,0,0
142877,Villalba,BOT,263,Atacante,5,Nulo,0,6,0,0,0,0,0,0,0,0,0,0,0,0,0,0,0,0,0,0,0,0,0
70360,Eduardo Sasha,RBB,280,Atacante,5,Provável,0,7,0,0,0,0,0,0,0,0,0,0,0,0,0,0,0,0,0,0,0,0,0
143072,Gabriel Abdias,BOT,263,Lateral,2,Nulo,0,3,0,0,0,0,0,0,0,0,0,0,0,0,0,0,0,0,0,0,0,0,0
100695,Fernando,RBB,280,Atacante,5,Nulo,0,3,0,0,0,0,0,0,0,0,0,0,0,0,0,0,0,0,0,0,0,0,0
107170,Jeffinho,BOT,263,Atacante,5,Nulo,0,5,0,0,0,0,0,0,0,0,0,0,0,0,0,0,0,0,0,0,0,0,0
39850,Vagner Mancini,RBB,280,Técnico,6,Provável,0,5,0,0,0,0,0,0,0,0,0,0,0,0,0,0,0,0,0,0,0,0,0
78605,Gabriel,RBB,280,Meia,4,Provável,0,6,0,0,0,0,0,0,0,0,0,0,0,0,0,0,0,0,0,0,0,0,0
87225,Pedro Henrique,RBB,280,Zagueiro,3,Nulo,0,7,0,0,0,0,0,0,0,0,0,0,0,0,0,0,0,0,0,0,0,0,0
94968,Juninho Capixaba,RBB,280,Lateral,2,Provável,0,9,0,0,0,0,0,0,0,0,0,0,0,0,0,0,0,0,0,0,0,0,0
142484,Barrera,BOT,263,Meia,4,Dúvida,0,7,0,0,0,0,0,0,0,0,0,0,0,0,0,0,0,0,0,0,0,0,0
94067,Matheus Fernandes,RBB,280,Meia,4,Nulo,0,5,0,0,0,0,0,0,0,0,0,0,0,0,0,0,0,0,0,0,0,0,0
93882,Cleiton,RBB,280,Goleiro,1,Provável,0,7,0,0,0,0,0,0,0,0,0,0,0,0,0,0,0,0,0,0,0,0,0
100848,Luan Cândido,RBB,280,Lateral,2,Nulo,0,5,0,0,0,0,0,0,0,0,0,0,0,0,0,0,0,0,0,0,0,0,0
106434,Eduardo Santos,RBB,280,Zagueiro,3,Nulo,0,5,0,0,0,0,0,0,0,0,0,0,0,0,0,0,0,0,0,0,0,0,0
103295,Eric Ramires,RBB,280,Meia,4,Provável,0,5,0,0,0,0,0,0,0,0,0,0,0,0,0,0,0,0,0,0,0,0,0
105213,Sant Anna,RBB,280,Lateral,2,Nulo,0,4,0,0,0,0,0,0,0,0,0,0,0,0,0,0,0,0,0,0,0,0,0
104588,Fabrício,RBB,280,Goleiro,1,Nulo,0,2,0,0,0,0,0,0,0,0,0,0,0,0,0,0,0,0,0,0,0,0,0
103014,Laquintana,RBB,280,Atacante,5,Nulo,0,4,0,0,0,0,0,0,0,0,0,0,0,0,0,0,0,0,0,0,0,0,0
106160,Lucão,RBB,280,Goleiro,1,Nulo,0,4,0,0,0,0,0,0,0,0,0,0,0,0,0,0,0,0,0,0,0,0,0
112886,Lucas Barbosa,RBB,280,Atacante,5,Provável,0,8,0,0,0,0,0,0,0,0,0,0,0,0,0,0,0,0,0,0,0,0,0
108133,Isidro Pitta,RBB,280,Atacante,5,Nulo,0,7,0,0,0,0,0,0,0,0,0,0,0,0,0,0,0,0,0,0,0,0,0
107236,Vanderlan,RBB,280,Lateral,2,Nulo,0,5,0,0,0,0,0,0,0,0,0,0,0,0,0,0,0,0,0,0,0,0,0
110715,Andrés Hurtado,RBB,280,Lateral,2,Provável,0,4,0,0,0,0,0,0,0,0,0,0,0,0,0,0,0,0,0,0,0,0,0
107744,Praxedes,RBB,280,Meia,4,Nulo,0,4,0,0,0,0,0,0,0,0,0,0,0,0,0,0,0,0,0,0,0,0,0
118175,Nathan Camargo,RBB,280,Meia,4,Nulo,0,2,0,0,0,0,0,0,0,0,0,0,0,0,0,0,0,0,0,0,0,0,0
110750,Gustavo Marques,RBB,280,Zagueiro,3,Provável,0,3,0,0,0,0,0,0,0,0,0,0,0,0,0,0,0,0,0,0,0,0,0
111246,Alix Vinicius,RBB,280,Zagueiro,3,Provável,0,6,0,0,0,0,0,0,0,0,0,0,0,0,0,0,0,0,0,0,0,0,0
122755,Lucas Cunha,RBB,280,Zagueiro,3,Nulo,0,3,0,0,0,0,0,0,0,0,0,0,0,0,0,0,0,0,0,0,0,0,0
122897,Guzmán Rodríguez,RBB,280,Zagueiro,3,Nulo,0,6,0,0,0,0,0,0,0,0,0,0,0,0,0,0,0,0,0,0,0,0,0
113157,Nathan Mendes,RBB,280,Lateral,2,Nulo,0,4,0,0,0,0,0,0,0,0,0,0,0,0,0,0,0,0,0,0,0,0,0
111760,Fabinho,RBB,280,Meia,4,Nulo,0,4,0,0,0,0,0,0,0,0,0,0,0,0,0,0,0,0,0,0,0,0,0
122394,Gustavinho,RBB,280,Meia,4,Nulo,0,4,0,0,0,0,0,0,0,0,0,0,0,0,0,0,0,0,0,0,0,0,0
132580,Vinicinho,RBB,280,Atacante,5,Nulo,0,5,0,0,0,0,0,0,0,0,0,0,0,0,0,0,0,0,0,0,0,0,0
124239,Henry Mosquera,RBB,280,Atacante,5,Provável,0,4,0,0,0,0,0,0,0,0,0,0,0,0,0,0,0,0,0,0,0,0,0
138021,Palacios,RBB,280,Zagueiro,3,Nulo,0,3,0,0,0,0,0,0,0,0,0,0,0,0,0,0,0,0,0,0,0,0,0
140906,Davi Gomes,RBB,280,Atacante,5,Nulo,0,3,0,0,0,0,0,0,0,0,0,0,0,0,0,0,0,0,0,0,0,0,0
72605,Vitor Hugo,CAM,282,Zagueiro,3,Provável,0,7,0,0,0,0,0,0,0,0,0,0,0,0,0,0,0,0,0,0,0,0,0
39656,Alan Franco,CAM,282,Meia,4,Provável,0,7,0,0,0,0,0,0,0,0,0,0,0,0,0,0,0,0,0,0,0,0,0
132274,Ignacio Sosa,RBB,280,Meia,4,Nulo,0,6,0,0,0,0,0,0,0,0,0,0,0,0,0,0,0,0,0,0,0,0,0
98909,Cuello,CAM,282,Atacante,5,Nulo,0,7,0,0,0,0,0,0,0,0,0,0,0,0,0,0,0,0,0,0,0,0,0
68920,Dudu,CAM,282,Atacante,5,Provável,0,9,0,0,0,0,0,0,0,0,0,0,0,0,0,0,0,0,0,0,0,0,0
100084,Igor Gomes,CAM,282,Meia,4,Nulo,0,8,0,0,0,0,0,0,0,0,0,0,0,0,0,0,0,0,0,0,0,0,0
88312,Junior Alonso,CAM,282,Zagueiro,3,Provável,0,6,0,0,0,0,0,0,0,0,0,0,0,0,0,0,0,0,0,0,0,0,0
87999,Gustavo Scarpa,CAM,282,Meia,4,Dúvida,0,10,0,0,0,0,0,0,0,0,0,0,0,0,0,0,0,0,0,0,0,0,0
106593,Villalba,CRU,283,Zagueiro,3,Provável,0,10,0,0,0,0,0,0,0,0,0,0,0,0,0,0,0,0,0,0,0,0,0
72460,Bernard,CAM,282,Meia,4,Dúvida,0,6,0,0,0,0,0,0,0,0,0,0,0,0,0,0,0,0,0,0,0,0,0
103767,Gabriel Menino,SAN,277,Meia,4,Nulo,0,6,0,0,0,0,0,0,0,0,0,0,0,0,0,0,0,0,0,0,0,0,0
42135,Willian,GRE,284,Meia,4,Provável,0,6,0,0,0,0,0,0,0,0,0,0,0,0,0,0,0,0,0,0,0,0,0
91607,Rony,CAM,282,Atacante,5,Nulo,0,8,0,0,0,0,0,0,0,0,0,0,0,0,0,0,0,0,0,0,0,0,0
92087,Lyanco,CAM,282,Zagueiro,3,Nulo,0,9,0,0,0,0,0,0,0,0,0,0,0,0,0,0,0,0,0,0,0,0,0
118774,Alexsander,CAM,282,Meia,4,Provável,0,8,0,0,0,0,0,0,0,0,0,0,0,0,0,0,0,0,0,0,0,0,0
110760,Biel,CAM,282,Atacante,5,Nulo,0,5,0,0,0,0,0,0,0,0,0,0,0,0,0,0,0,0,0,0,0,0,0
115674,Gabriel Delfim,CAM,282,Goleiro,1,Nulo,0,2,0,0,0,0,0,0,0,0,0,0,0,0,0,0,0,0,0,0,0,0,0
70800,Jorge Sampaoli,CAM,282,Técnico,6,Provável,0,9,0,0,0,0,0,0,0,0,0,0,0,0,0,0,0,0,0,0,0,0,0
105068,Reinier,CAM,282,Meia,4,Nulo,0,4,0,0,0,0,0,0,0,0,0,0,0,0,0,0,0,0,0,0,0,0,0
124481,Mateo Ponte,BOT,263,Lateral,2,Nulo,0,5,0,0,0,0,0,0,0,0,0,0,0,0,0,0,0,0,0,0,0,0,0
107554,Natanael,CAM,282,Lateral,2,Provável,0,7,0,0,0,0,0,0,0,0,0,0,0,0,0,0,0,0,0,0,0,0,0
122990,Patrick,CAM,282,Meia,4,Nulo,0,4,0,0,0,0,0,0,0,0,0,0,0,0,0,0,0,0,0,0,0,0,0
40990,Dorival Júnior,COR,264,Técnico,6,Provável,0,11,0,0,0,0,0,0,0,0,0,0,0,0,0,0,0,0,0,0,0,0,0
77485,Carrillo,COR,264,Meia,4,Provável,0,7,0,0,0,0,0,0,0,0,0,0,0,0,0,0,0,0,0,0,0,0,0
95556,Raniele,COR,264,Meia,4,Nulo,0,7,0,0,0,0,0,0,0,0,0,0,0,0,0,0,0,0,0,0,0,0,0
124661,Iván Román,CAM,282,Zagueiro,3,Provável,0,5,0,0,0,0,0,0,0,0,0,0,0,0,0,0,0,0,0,0,0,0,0
78248,Gustavo Henrique,COR,264,Zagueiro,3,Nulo,0,10,0,0,0,0,0,0,0,0,0,0,0,0,0,0,0,0,0,0,0,0,0
123359,Cadu,CAM,282,Atacante,5,Nulo,0,3,0,0,0,0,0,0,0,0,0,0,0,0,0,0,0,0,0,0,0,0,0
85048,Memphis Depay,COR,264,Atacante,5,Provável,0,17,0,0,0,0,0,0,0,0,0,0,0,0,0,0,0,0,0,0,0,0,0
78435,Vitinho,COR,264,Atacante,5,Nulo,0,6,0,0,0,0,0,0,0,0,0,0,0,0,0,0,0,0,0,0,0,0,0
98225,Pedro Raul,COR,264,Atacante,5,Nulo,0,6,0,0,0,0,0,0,0,0,0,0,0,0,0,0,0,0,0,0,0,0,0
96342,Charles,COR,264,Meia,4,Nulo,0,4,0,0,0,0,0,0,0,0,0,0,0,0,0,0,0,0,0,0,0,0,0
98720,Angileri,COR,264,Lateral,2,Nulo,0,4,0,0,0,0,0,0,0,0,0,0,0,0,0,0,0,0,0,0,0,0,0
107908,Hugo,COR,264,Lateral,2,Nulo,0,4,0,0,0,0,0,0,0,0,0,0,0,0,0,0,0,0,0,0,0,0,0
92440,André Ramalho,COR,264,Zagueiro,3,Nulo,0,6,0,0,0,0,0,0,0,0,0,0,0,0,0,0,0,0,0,0,0,0,0
102340,Cacá,COR,264,Zagueiro,3,Provável,0,5,0,0,0,0,0,0,0,0,0,0,0,0,0,0,0,0,0,0,0,0,0
101574,Hugo Souza,COR,264,Goleiro,1,Provável,0,11,0,0,0,0,0,0,0,0,0,0,0,0,0,0,0,0,0,0,0,0,0
97642,Félix Torres,COR,264,Zagueiro,3,Nulo,0,4,0,0,0,0,0,0,0,0,0,0,0,0,0,0,0,0,0,0,0,0,0
117910,Breno Bidon,COR,264,Meia,4,Provável,0,10,0,0,0,0,0,0,0,0,0,0,0,0,0,0,0,0,0,0,0,0,0
110311,José Martínez,COR,264,Meia,4,Nulo,0,6,0,0,0,0,0,0,0,0,0,0,0,0,0,0,0,0,0,0,0,0,0
125488,João Pedro,COR,264,Zagueiro,3,Provável,0,5,0,0,0,0,0,0,0,0,0,0,0,0,0,0,0,0,0,0,0,0,0
121824,Kayke,COR,264,Atacante,5,Nulo,0,4,0,0,0,0,0,0,0,0,0,0,0,0,0,0,0,0,0,0,0,0,0
107179,Matheus Donelli,COR,264,Goleiro,1,Nulo,0,3,0,0,0,0,0,0,0,0,0,0,0,0,0,0,0,0,0,0,0,0,0
145744,André,COR,264,Meia,4,Provável,0,4,0,0,0,0,0,0,0,0,0,0,0,0,0,0,0,0,0,0,0,0,0
117632,Garro,COR,264,Meia,4,Provável,0,12,0,0,0,0,0,0,0,0,0,0,0,0,0,0,0,0,0,0,0,0,0
105531,Matheus Bidu,COR,264,Lateral,2,Provável,0,9,0,0,0,0,0,0,0,0,0,0,0,0,0,0,0,0,0,0,0,0,0
127242,Bahia,COR,264,Meia,4,Nulo,0,2,0,0,0,0,0,0,0,0,0,0,0,0,0,0,0,0,0,0,0,0,0
122396,Ryan,COR,264,Meia,4,Nulo,0,3,0,0,0,0,0,0,0,0,0,0,0,0,0,0,0,0,0,0,0,0,0
89275,William,CRU,283,Lateral,2,Provável,0,12,0,0,0,0,0,0,0,0,0,0,0,0,0,0,0,0,0,0,0,0,0
84558,Lucas Romero,CRU,283,Meia,4,Provável,0,10,0,0,0,0,0,0,0,0,0,0,0,0,0,0,0,0,0,0,0,0,0
131753,Felipe Longo,COR,264,Goleiro,1,Nulo,0,2,0,0,0,0,0,0,0,0,0,0,0,0,0,0,0,0,0,0,0,0,0
88479,Walace,CRU,283,Meia,4,Nulo,0,4,0,0,0,0,0,0,0,0,0,0,0,0,0,0,0,0,0,0,0,0,0
45125,Tite,CRU,283,Técnico,6,Provável,0,12,0,0,0,0,0,0,0,0,0,0,0,0,0,0,0,0,0,0,0,0,0
133543,Gui Negão,COR,264,Atacante,5,Nulo,0,5,0,0,0,0,0,0,0,0,0,0,0,0,0,0,0,0,0,0,0,0,0
96610,Matheus Pereira,CRU,283,Meia,4,Provável,0,20,0,0,0,0,0,0,0,0,0,0,0,0,0,0,0,0,0,0,0,0,0
42500,Fagner,CRU,283,Lateral,2,Nulo,0,7,0,0,0,0,0,0,0,0,0,0,0,0,0,0,0,0,0,0,0,0,0
79701,Lucas Silva,CRU,283,Meia,4,Provável,0,9,0,0,0,0,0,0,0,0,0,0,0,0,0,0,0,0,0,0,0,0,0
141995,Dieguinho,COR,264,Meia,4,Nulo,0,4,0,0,0,0,0,0,0,0,0,0,0,0,0,0,0,0,0,0,0,0,0
111690,Matheus Cunha,CRU,283,Goleiro,1,Contundido,0,3,0,0,0,0,0,0,0,0,0,0,0,0,0,0,0,0,0,0,0,0,0
93478,Wanderson,CRU,283,Atacante,5,Nulo,0,6,0,0,0,0,0,0,0,0,0,0,0,0,0,0,0,0,0,0,0,0,0
100742,Matheus Henrique,CRU,283,Meia,4,Nulo,0,8,0,0,0,0,0,0,0,0,0,0,0,0,0,0,0,0,0,0,0,0,0
124912,Jonathan Jesus,CRU,283,Zagueiro,3,Nulo,0,6,0,0,0,0,0,0,0,0,0,0,0,0,0,0,0,0,0,0,0,0,0
87887,Balbuena,GRE,284,Zagueiro,3,Nulo,0,7,0,0,0,0,0,0,0,0,0,0,0,0,0,0,0,0,0,0,0,0,0
113158,Marquinhos,CRU,283,Atacante,5,Nulo,0,4,0,0,0,0,0,0,0,0,0,0,0,0,0,0,0,0,0,0,0,0,0
105047,João Marcelo,CRU,283,Zagueiro,3,Nulo,0,5,0,0,0,0,0,0,0,0,0,0,0,0,0,0,0,0,0,0,0,0,0
132264,Arroyo,CRU,283,Atacante,5,Provável,0,7,0,0,0,0,0,0,0,0,0,0,0,0,0,0,0,0,0,0,0,0,0
139345,Kauã Prates,CRU,283,Lateral,2,Nulo,0,4,0,0,0,0,0,0,0,0,0,0,0,0,0,0,0,0,0,0,0,0,0
131967,Villarreal,CRU,283,Atacante,5,Contundido,0,5,0,0,0,0,0,0,0,0,0,0,0,0,0,0,0,0,0,0,0,0,0
146807,Rayan Lelis,CRU,283,Atacante,5,Nulo,0,2,0,0,0,0,0,0,0,0,0,0,0,0,0,0,0,0,0,0,0,0,0
143600,Kauã Moraes,CRU,283,Lateral,2,Nulo,0,3,0,0,0,0,0,0,0,0,0,0,0,0,0,0,0,0,0,0,0,0,0
143350,Murilo Rhikman,CRU,283,Meia,4,Nulo,0,3,0,0,0,0,0,0,0,0,0,0,0,0,0,0,0,0,0,0,0,0,0
69783,Danilo,FLA,262,Zagueiro,3,Nulo,0,8,0,0,0,0,0,0,0,0,0,0,0,0,0,0,0,0,0,0,0,0,0
84816,Varela,FLA,262,Lateral,2,Provável,0,7,0,0,0,0,0,0,0,0,0,0,0,0,0,0,0,0,0,0,0,0,0
137542,Kaique Kenji,CRU,283,Atacante,5,Nulo,0,3,0,0,0,0,0,0,0,0,0,0,0,0,0,0,0,0,0,0,0,0,0
111757,Ryan Guilherme,CRU,283,Meia,4,Nulo,0,2,0,0,0,0,0,0,0,0,0,0,0,0,0,0,0,0,0,0,0,0,0
83528,Léo Pereira,FLA,262,Zagueiro,3,Provável,0,13,0,0,0,0,0,0,0,0,0,0,0,0,0,0,0,0,0,0,0,0,0
137543,Tevis,CRU,283,Atacante,5,Nulo,0,2,0,0,0,0,0,0,0,0,0,0,0,0,0,0,0,0,0,0,0,0,0
122660,Japa,CRU,283,Meia,4,Nulo,0,3,0,0,0,0,0,0,0,0,0,0,0,0,0,0,0,0,0,0,0,0,0
117404,Otávio,CRU,283,Goleiro,1,Nulo,0,2,0,0,0,0,0,0,0,0,0,0,0,0,0,0,0,0,0,0,0,0,0
86757,Everton,FLA,262,Atacante,5,Nulo,0,9,0,0,0,0,0,0,0,0,0,0,0,0,0,0,0,0,0,0,0,0,0
92854,Borré,INT,285,Atacante,5,Provável,0,8,0,0,0,0,0,0,0,0,0,0,0,0,0,0,0,0,0,0,0,0,0
80061,Saúl,FLA,262,Meia,4,Contundido,0,7,0,0,0,0,0,0,0,0,0,0,0,0,0,0,0,0,0,0,0,0,0
90285,Bruno Henrique,FLA,262,Atacante,5,Nulo,0,9,0,0,0,0,0,0,0,0,0,0,0,0,0,0,0,0,0,0,0,0,0
82627,Luiz Araújo,FLA,262,Atacante,5,Nulo,0,10,0,0,0,0,0,0,0,0,0,0,0,0,0,0,0,0,0,0,0,0,0
98873,Samuel Lino,FLA,262,Atacante,5,Nulo,0,9,0,0,0,0,0,0,0,0,0,0,0,0,0,0,0,0,0,0,0,0,0
84735,Jorginho,FLA,262,Meia,4,Provável,0,15,0,0,0,0,0,0,0,0,0,0,0,0,0,0,0,0,0,0,0,0,0
91473,Erick Pulgar,FLA,262,Meia,4,Provável,0,10,0,0,0,0,0,0,0,0,0,0,0,0,0,0,0,0,0,0,0,0,0
96870,Emerson Royal,FLA,262,Lateral,2,Nulo,0,5,0,0,0,0,0,0,0,0,0,0,0,0,0,0,0,0,0,0,0,0,0
87863,Arrascaeta,FLA,262,Meia,4,Provável,0,23,0,0,0,0,0,0,0,0,0,0,0,0,0,0,0,0,0,0,0,0,0
99392,Michael,FLA,262,Atacante,5,Nulo,0,5,0,0,0,0,0,0,0,0,0,0,0,0,0,0,0,0,0,0,0,0,0
97867,Léo Ortiz,FLA,262,Zagueiro,3,Provável,0,12,0,0,0,0,0,0,0,0,0,0,0,0,0,0,0,0,0,0,0,0,0
99228,De la Cruz,FLA,262,Meia,4,Nulo,0,8,0,0,0,0,0,0,0,0,0,0,0,0,0,0,0,0,0,0,0,0,0
88393,Ayrton Lucas,FLA,262,Lateral,2,Nulo,0,8,0,0,0,0,0,0,0,0,0,0,0,0,0,0,0,0,0,0,0,0,0
96652,Allan,FLA,262,Meia,4,Nulo,0,5,0,0,0,0,0,0,0,0,0,0,0,0,0,0,0,0,0,0,0,0,0
109096,Plata,FLA,262,Atacante,5,Provável,0,7,0,0,0,0,0,0,0,0,0,0,0,0,0,0,0,0,0,0,0,0,0
115914,Evertton Araújo,FLA,262,Meia,4,Nulo,0,4,0,0,0,0,0,0,0,0,0,0,0,0,0,0,0,0,0,0,0,0,0
130189,Léo Nannetti,FLA,262,Goleiro,1,Nulo,0,2,0,0,0,0,0,0,0,0,0,0,0,0,0,0,0,0,0,0,0,0,0
139076,Filipe Luís,FLA,262,Técnico,6,Provável,0,12,0,0,0,0,0,0,0,0,0,0,0,0,0,0,0,0,0,0,0,0,0
118090,Iago,FLA,262,Zagueiro,3,Nulo,0,2,0,0,0,0,0,0,0,0,0,0,0,0,0,0,0,0,0,0,0,0,0
122320,Daniel Sales,FLA,262,Lateral,2,Nulo,0,2,0,0,0,0,0,0,0,0,0,0,0,0,0,0,0,0,0,0,0,0,0
122318,Dyogo Alves,FLA,262,Goleiro,1,Nulo,0,3,0,0,0,0,0,0,0,0,0,0,0,0,0,0,0,0,0,0,0,0,0
140303,Da Mata,FLA,262,Zagueiro,3,Nulo,0,2,0,0,0,0,0,0,0,0,0,0,0,0,0,0,0,0,0,0,0,0,0
145705,Douglas Telles,FLA,262,Atacante,5,Nulo,0,2,0,0,0,0,0,0,0,0,0,0,0,0,0,0,0,0,0,0,0,0,0
122573,Wallace Yan,FLA,262,Atacante,5,Nulo,0,5,0,0,0,0,0,0,0,0,0,0,0,0,0,0,0,0,0,0,0,0,0
62977,Ganso,FLU,266,Meia,4,Contundido,0,7,0,0,0,0,0,0,0,0,0,0,0,0,0,0,0,0,0,0,0,0,0
143295,Joshua,FLA,262,Meia,4,Nulo,0,3,0,0,0,0,0,0,0,0,0,0,0,0,0,0,0,0,0,0,0,0,0
140492,João Victor,FLA,262,Zagueiro,3,Nulo,0,2,0,0,0,0,0,0,0,0,0,0,0,0,0,0,0,0,0,0,0,0,0
130382,Guilherme Gomes,FLA,262,Meia,4,Nulo,0,3,0,0,0,0,0,0,0,0,0,0,0,0,0,0,0,0,0,0,0,0,0
78445,Renê,FLU,266,Lateral,2,Nulo,0,6,0,0,0,0,0,0,0,0,0,0,0,0,0,0,0,0,0,0,0,0,0
73384,Samuel Xavier,FLU,266,Lateral,2,Provável,0,9,0,0,0,0,0,0,0,0,0,0,0,0,0,0,0,0,0,0,0,0,0
78117,Everaldo,FLU,266,Atacante,5,Dúvida,0,5,0,0,0,0,0,0,0,0,0,0,0,0,0,0,0,0,0,0,0,0,0
82463,Otávio,FLU,266,Meia,4,Nulo,0,4,0,0,0,0,0,0,0,0,0,0,0,0,0,0,0,0,0,0,0,0,0
87258,Soteldo,FLU,266,Atacante,5,Contundido,0,6,0,0,0,0,0,0,0,0,0,0,0,0,0,0,0,0,0,0,0,0,0
86485,Keno,FLU,266,Atacante,5,Nulo,0,6,0,0,0,0,0,0,0,0,0,0,0,0,0,0,0,0,0,0,0,0,0
79631,Cano,FLU,266,Atacante,5,Contundido,0,6,0,0,0,0,0,0,0,0,0,0,0,0,0,0,0,0,0,0,0,0,0
101319,Guga,FLU,266,Lateral,2,Nulo,0,6,0,0,0,0,0,0,0,0,0,0,0,0,0,0,0,0,0,0,0,0,0
89493,Igor Rabello,FLU,266,Zagueiro,3,Nulo,0,5,0,0,0,0,0,0,0,0,0,0,0,0,0,0,0,0,0,0,0,0,0
78855,Thiago Santos,CFC,294,Zagueiro,3,Nulo,0,3,0,0,0,0,0,0,0,0,0,0,0,0,0,0,0,0,0,0,0,0,0
88037,Luís Castro,GRE,284,Técnico,6,Provável,0,10,0,0,0,0,0,0,0,0,0,0,0,0,0,0,0,0,0,0,0,0,0
87228,Guilherme Arana,FLU,266,Lateral,2,Provável,0,10,0,0,0,0,0,0,0,0,0,0,0,0,0,0,0,0,0,0,0,0,0
100987,Nonato,FLU,266,Meia,4,Nulo,0,6,0,0,0,0,0,0,0,0,0,0,0,0,0,0,0,0,0,0,0,0,0
113034,Freytes,FLU,266,Zagueiro,3,Provável,0,5,0,0,0,0,0,0,0,0,0,0,0,0,0,0,0,0,0,0,0,0,0
101478,Marcelo Pitaluga,FLU,266,Goleiro,1,Nulo,0,3,0,0,0,0,0,0,0,0,0,0,0,0,0,0,0,0,0,0,0,0,0
96340,Lima,FLU,266,Meia,4,Nulo,0,6,0,0,0,0,0,0,0,0,0,0,0,0,0,0,0,0,0,0,0,0,0
103523,Ignácio,FLU,266,Zagueiro,3,Nulo,0,6,0,0,0,0,0,0,0,0,0,0,0,0,0,0,0,0,0,0,0,0,0
103672,Gabriel Fuentes,FLU,266,Lateral,2,Nulo,0,4,0,0,0,0,0,0,0,0,0,0,0,0,0,0,0,0,0,0,0,0,0
102928,Canobbio,FLU,266,Atacante,5,Provável,0,8,0,0,0,0,0,0,0,0,0,0,0,0,0,0,0,0,0,0,0,0,0
110759,John Kennedy,FLU,266,Atacante,5,Dúvida,0,6,0,0,0,0,0,0,0,0,0,0,0,0,0,0,0,0,0,0,0,0,0
99366,Luis Zubeldía,FLU,266,Técnico,6,Provável,0,9,0,0,0,0,0,0,0,0,0,0,0,0,0,0,0,0,0,0,0,0,0
115915,Lelê,FLU,266,Atacante,5,Nulo,0,3,0,0,0,0,0,0,0,0,0,0,0,0,0,0,0,0,0,0,0,0,0
105807,Luan Freitas,FLU,266,Zagueiro,3,Nulo,0,3,0,0,0,0,0,0,0,0,0,0,0,0,0,0,0,0,0,0,0,0,0
108474,Santi Moreno,FLU,266,Atacante,5,Nulo,0,4,0,0,0,0,0,0,0,0,0,0,0,0,0,0,0,0,0,0,0,0,0
123788,Lezcano,FLU,266,Meia,4,Nulo,0,4,0,0,0,0,0,0,0,0,0,0,0,0,0,0,0,0,0,0,0,0,0
116447,Hércules,FLU,266,Meia,4,Provável,0,7,0,0,0,0,0,0,0,0,0,0,0,0,0,0,0,0,0,0,0,0,0
140484,Riquelme Felipe,FLU,266,Atacante,5,Nulo,0,4,0,0,0,0,0,0,0,0,0,0,0,0,0,0,0,0,0,0,0,0,0
104075,Sabino,SAO,276,Zagueiro,3,Provável,0,5,0,0,0,0,0,0,0,0,0,0,0,0,0,0,0,0,0,0,0,0,0
63013,Marcos Rocha,GRE,284,Lateral,2,Provável,0,9,0,0,0,0,0,0,0,0,0,0,0,0,0,0,0,0,0,0,0,0,0
127932,Julio Fidélis,FLU,266,Lateral,2,Nulo,0,2,0,0,0,0,0,0,0,0,0,0,0,0,0,0,0,0,0,0,0,0,0
132071,Serna,FLU,266,Atacante,5,Provável,0,9,0,0,0,0,0,0,0,0,0,0,0,0,0,0,0,0,0,0,0,0,0
130650,Bernal,FLU,266,Meia,4,Nulo,0,5,0,0,0,0,0,0,0,0,0,0,0,0,0,0,0,0,0,0,0,0,0
114405,Sinisterra,CRU,283,Atacante,5,Nulo,0,6,0,0,0,0,0,0,0,0,0,0,0,0,0,0,0,0,0,0,0,0,0
87342,Kannemann,GRE,284,Zagueiro,3,Dúvida,0,5,0,0,0,0,0,0,0,0,0,0,0,0,0,0,0,0,0,0,0,0,0
63289,Edenílson,GRE,284,Meia,4,Provável,0,7,0,0,0,0,0,0,0,0,0,0,0,0,0,0,0,0,0,0,0,0,0
72018,Tiago Volpi,GRE,284,Goleiro,1,Nulo,0,8,0,0,0,0,0,0,0,0,0,0,0,0,0,0,0,0,0,0,0,0,0
102137,Vitor Eudes,FLU,266,Goleiro,1,Nulo,0,2,0,0,0,0,0,0,0,0,0,0,0,0,0,0,0,0,0,0,0,0,0
89846,Cristaldo,GRE,284,Meia,4,Nulo,0,6,0,0,0,0,0,0,0,0,0,0,0,0,0,0,0,0,0,0,0,0,0
89883,Dodi,GRE,284,Meia,4,Provável,0,6,0,0,0,0,0,0,0,0,0,0,0,0,0,0,0,0,0,0,0,0,0
71709,Cuéllar,GRE,284,Meia,4,Nulo,0,5,0,0,0,0,0,0,0,0,0,0,0,0,0,0,0,0,0,0,0,0,0
91706,Marlon,GRE,284,Lateral,2,Contundido,0,8,0,0,0,0,0,0,0,0,0,0,0,0,0,0,0,0,0,0,0,0,0
89273,João Pedro,GRE,284,Lateral,2,Nulo,0,5,0,0,0,0,0,0,0,0,0,0,0,0,0,0,0,0,0,0,0,0,0
90532,Arthur Melo,GRE,284,Meia,4,Provável,0,10,0,0,0,0,0,0,0,0,0,0,0,0,0,0,0,0,0,0,0,0,0
102318,Caio Paulista,GRE,284,Lateral,2,Provável,0,5,0,0,0,0,0,0,0,0,0,0,0,0,0,0,0,0,0,0,0,0,0
100846,Lucas Esteves,GRE,284,Lateral,2,Nulo,0,4,0,0,0,0,0,0,0,0,0,0,0,0,0,0,0,0,0,0,0,0,0
91908,Pavón,GRE,284,Atacante,5,Contundido,0,6,0,0,0,0,0,0,0,0,0,0,0,0,0,0,0,0,0,0,0,0,0
92237,Rodrigo Ely,GRE,284,Zagueiro,3,Nulo,0,4,0,0,0,0,0,0,0,0,0,0,0,0,0,0,0,0,0,0,0,0,0
111309,Gustavo Martins,GRE,284,Zagueiro,3,Dúvida,0,6,0,0,0,0,0,0,0,0,0,0,0,0,0,0,0,0,0,0,0,0,0
97145,Villasanti,GRE,284,Meia,4,Nulo,0,7,0,0,0,0,0,0,0,0,0,0,0,0,0,0,0,0,0,0,0,0,0
105563,Carlos Vinícius,GRE,284,Atacante,5,Provável,0,17,0,0,0,0,0,0,0,0,0,0,0,0,0,0,0,0,0,0,0,0,0
112616,Gabriel Grando,GRE,284,Goleiro,1,Nulo,0,4,0,0,0,0,0,0,0,0,0,0,0,0,0,0,0,0,0,0,0,0,0
109966,Monsalve,GRE,284,Meia,4,Contundido,0,5,0,0,0,0,0,0,0,0,0,0,0,0,0,0,0,0,0,0,0,0,0
108548,Aravena,GRE,284,Atacante,5,Nulo,0,4,0,0,0,0,0,0,0,0,0,0,0,0,0,0,0,0,0,0,0,0,0
70944,Bruno Henrique,INT,285,Meia,4,Nulo,0,6,0,0,0,0,0,0,0,0,0,0,0,0,0,0,0,0,0,0,0,0,0
121792,André,GRE,284,Atacante,5,Nulo,0,4,0,0,0,0,0,0,0,0,0,0,0,0,0,0,0,0,0,0,0,0,0
104994,Wagner Leonardo,GRE,284,Zagueiro,3,Nulo,0,6,0,0,0,0,0,0,0,0,0,0,0,0,0,0,0,0,0,0,0,0,0
118238,Ronald,GRE,284,Meia,4,Nulo,0,3,0,0,0,0,0,0,0,0,0,0,0,0,0,0,0,0,0,0,0,0,0
130889,Riquelme,GRE,284,Meia,4,Nulo,0,4,0,0,0,0,0,0,0,0,0,0,0,0,0,0,0,0,0,0,0,0,0
116067,Thiago Beltrame,GRE,284,Goleiro,1,Nulo,0,2,0,0,0,0,0,0,0,0,0,0,0,0,0,0,0,0,0,0,0,0,0
125467,Viery,GRE,284,Zagueiro,3,Nulo,0,3,0,0,0,0,0,0,0,0,0,0,0,0,0,0,0,0,0,0,0,0,0
142004,Amuzu,GRE,284,Atacante,5,Provável,0,6,0,0,0,0,0,0,0,0,0,0,0,0,0,0,0,0,0,0,0,0,0
92981,Ronaldo,INT,285,Meia,4,Nulo,0,3,0,0,0,0,0,0,0,0,0,0,0,0,0,0,0,0,0,0,0,0,0
72951,Mercado,INT,285,Zagueiro,3,Provável,0,5,0,0,0,0,0,0,0,0,0,0,0,0,0,0,0,0,0,0,0,0,0
92182,Juninho,INT,285,Zagueiro,3,Provável,0,5,0,0,0,0,0,0,0,0,0,0,0,0,0,0,0,0,0,0,0,0,0
88136,Ivan,INT,285,Goleiro,1,Nulo,0,4,0,0,0,0,0,0,0,0,0,0,0,0,0,0,0,0,0,0,0,0,0
83251,Alan Benítez,INT,285,Lateral,2,Nulo,0,4,0,0,0,0,0,0,0,0,0,0,0,0,0,0,0,0,0,0,0,0,0
110510,Aguirre,INT,285,Lateral,2,Provável,0,5,0,0,0,0,0,0,0,0,0,0,0,0,0,0,0,0,0,0,0,0,0
107989,Carbonero,INT,285,Atacante,5,Provável,0,9,0,0,0,0,0,0,0,0,0,0,0,0,0,0,0,0,0,0,0,0,0
89637,Thiago Maia,INT,285,Meia,4,Provável,0,6,0,0,0,0,0,0,0,0,0,0,0,0,0,0,0,0,0,0,0,0,0
107174,Bruno Tabata,INT,285,Meia,4,Nulo,0,5,0,0,0,0,0,0,0,0,0,0,0,0,0,0,0,0,0,0,0,0,0
86711,Richard,INT,285,Meia,4,Nulo,0,4,0,0,0,0,0,0,0,0,0,0,0,0,0,0,0,0,0,0,0,0,0
111466,Victor Gabriel,INT,285,Zagueiro,3,Nulo,0,4,0,0,0,0,0,0,0,0,0,0,0,0,0,0,0,0,0,0,0,0,0
115479,Paulo Pezzolano,INT,285,Técnico,6,Provável,0,6,0,0,0,0,0,0,0,0,0,0,0,0,0,0,0,0,0,0,0,0,0
123744,Alan Rodríguez,INT,285,Meia,4,Contundido,0,6,0,0,0,0,0,0,0,0,0,0,0,0,0,0,0,0,0,0,0,0,0
101960,Vitinho,INT,285,Atacante,5,Provável,0,7,0,0,0,0,0,0,0,0,0,0,0,0,0,0,0,0,0,0,0,0,0
106202,Bruno Gomes,INT,285,Meia,4,Provável,0,6,0,0,0,0,0,0,0,0,0,0,0,0,0,0,0,0,0,0,0,0,0
111683,Anthoni,INT,285,Goleiro,1,Nulo,0,3,0,0,0,0,0,0,0,0,0,0,0,0,0,0,0,0,0,0,0,0,0
124271,Gustavo Prado,INT,285,Meia,4,Nulo,0,4,0,0,0,0,0,0,0,0,0,0,0,0,0,0,0,0,0,0,0,0,0
93790,Marlon Freitas,PAL,275,Meia,4,Provável,0,9,0,0,0,0,0,0,0,0,0,0,0,0,0,0,0,0,0,0,0,0,0
137618,Clayton Sampaio,INT,285,Zagueiro,3,Nulo,0,3,0,0,0,0,0,0,0,0,0,0,0,0,0,0,0,0,0,0,0,0,0
68872,Marcelo Lomba,PAL,275,Goleiro,1,Nulo,0,4,0,0,0,0,0,0,0,0,0,0,0,0,0,0,0,0,0,0,0,0,0
71684,Gustavo Gómez,PAL,275,Zagueiro,3,Provável,0,13,0,0,0,0,0,0,0,0,0,0,0,0,0,0,0,0,0,0,0,0,0
70592,Felipe Anderson,PAL,275,Meia,4,Nulo,0,9,0,0,0,0,0,0,0,0,0,0,0,0,0,0,0,0,0,0,0,0,0
143488,Raykkonen,INT,285,Atacante,5,Nulo,0,3,0,0,0,0,0,0,0,0,0,0,0,0,0,0,0,0,0,0,0,0,0
94509,Raphael Veiga,PAL,275,Meia,4,Provável,0,11,0,0,0,0,0,0,0,0,0,0,0,0,0,0,0,0,0,0,0,0,0
102950,Facundo Torres,PAL,275,Meia,4,Contundido,0,6,0,0,0,0,0,0,0,0,0,0,0,0,0,0,0,0,0,0,0,0,0
84674,Lucas Evangelista,PAL,275,Meia,4,Nulo,0,7,0,0,0,0,0,0,0,0,0,0,0,0,0,0,0,0,0,0,0,0,0
71631,Weverton,GRE,284,Goleiro,1,Provável,0,9,0,0,0,0,0,0,0,0,0,0,0,0,0,0,0,0,0,0,0,0,0
104085,Bruno Fuchs,PAL,275,Zagueiro,3,Provável,0,8,0,0,0,0,0,0,0,0,0,0,0,0,0,0,0,0,0,0,0,0,0
99818,Paulinho,PAL,275,Atacante,5,Nulo,0,15,0,0,0,0,0,0,0,0,0,0,0,0,0,0,0,0,0,0,0,0,0
102130,Piquerez,PAL,275,Lateral,2,Provável,0,10,0,0,0,0,0,0,0,0,0,0,0,0,0,0,0,0,0,0,0,0,0
97653,Murilo,PAL,275,Zagueiro,3,Dúvida,0,7,0,0,0,0,0,0,0,0,0,0,0,0,0,0,0,0,0,0,0,0,0
105647,Maurício,PAL,275,Meia,4,Nulo,0,8,0,0,0,0,0,0,0,0,0,0,0,0,0,0,0,0,0,0,0,0,0
92811,Bruno Rodrigues,PAL,275,Atacante,5,Nulo,0,4,0,0,0,0,0,0,0,0,0,0,0,0,0,0,0,0,0,0,0,0,0
108683,Emiliano Martínez,PAL,275,Meia,4,Dúvida,0,5,0,0,0,0,0,0,0,0,0,0,0,0,0,0,0,0,0,0,0,0,0
112863,Ramón Sosa,PAL,275,Atacante,5,Nulo,0,7,0,0,0,0,0,0,0,0,0,0,0,0,0,0,0,0,0,0,0,0,0
104084,Carlos Miguel,PAL,275,Goleiro,1,Provável,0,9,0,0,0,0,0,0,0,0,0,0,0,0,0,0,0,0,0,0,0,0,0
110506,Abel Ferreira,PAL,275,Técnico,6,Provável,0,12,0,0,0,0,0,0,0,0,0,0,0,0,0,0,0,0,0,0,0,0,0
111832,Jefté,PAL,275,Lateral,2,Nulo,0,4,0,0,0,0,0,0,0,0,0,0,0,0,0,0,0,0,0,0,0,0,0
130612,Luighi,PAL,275,Atacante,5,Nulo,0,4,0,0,0,0,0,0,0,0,0,0,0,0,0,0,0,0,0,0,0,0,0
113103,Flaco López,PAL,275,Atacante,5,Provável,0,16,0,0,0,0,0,0,0,0,0,0,0,0,0,0,0,0,0,0,0,0,0
105175,Khellven,PAL,275,Lateral,2,Dúvida,0,7,0,0,0,0,0,0,0,0,0,0,0,0,0,0,0,0,0,0,0,0,0
73318,Daniel Borges,MIR,2305,Lateral,2,Provável,0,4,0,0,0,0,0,0,0,0,0,0,0,0,0,0,0,0,0,0,0,0,0
124526,Giay,PAL,275,Lateral,2,Dúvida,0,7,0,0,0,0,0,0,0,0,0,0,0,0,0,0,0,0,0,0,0,0,0
72279,Thomazella,MIR,2305,Goleiro,1,Nulo,0,2,0,0,0,0,0,0,0,0,0,0,0,0,0,0,0,0,0,0,0,0,0
141451,Allan,PAL,275,Meia,4,Provável,0,16,0,0,0,0,0,0,0,0,0,0,0,0,0,0,0,0,0,0,0,0,0
79066,Alex Muralha,MIR,2305,Goleiro,1,Nulo,0,3,0,0,0,0,0,0,0,0,0,0,0,0,0,0,0,0,0,0,0,0,0
133679,Benedetti,PAL,275,Zagueiro,3,Nulo,0,3,0,0,0,0,0,0,0,0,0,0,0,0,0,0,0,0,0,0,0,0,0
136156,Larson,PAL,275,Meia,4,Nulo,0,3,0,0,0,0,0,0,0,0,0,0,0,0,0,0,0,0,0,0,0,0,0
97460,João Victor,MIR,2305,Zagueiro,3,Provável,0,6,0,0,0,0,0,0,0,0,0,0,0,0,0,0,0,0,0,0,0,0,0
81005,André Luis,MIR,2305,Atacante,5,Provável,0,5,0,0,0,0,0,0,0,0,0,0,0,0,0,0,0,0,0,0,0,0,0
97321,Alesson,MIR,2305,Atacante,5,Provável,0,7,0,0,0,0,0,0,0,0,0,0,0,0,0,0,0,0,0,0,0,0,0
83263,Yuri Lara,MIR,2305,Meia,4,Nulo,0,5,0,0,0,0,0,0,0,0,0,0,0,0,0,0,0,0,0,0,0,0,0
90917,Carlos Eduardo,MIR,2305,Atacante,5,Nulo,0,5,0,0,0,0,0,0,0,0,0,0,0,0,0,0,0,0,0,0,0,0,0
86863,Luiz Otávio,MIR,2305,Zagueiro,3,Nulo,0,4,0,0,0,0,0,0,0,0,0,0,0,0,0,0,0,0,0,0,0,0,0
82775,Lucas Ramon,MIR,2305,Lateral,2,Nulo,0,7,0,0,0,0,0,0,0,0,0,0,0,0,0,0,0,0,0,0,0,0,0
97520,Shaylon,MIR,2305,Meia,4,Provável,0,5,0,0,0,0,0,0,0,0,0,0,0,0,0,0,0,0,0,0,0,0,0
102667,Nathan Fogaça,MIR,2305,Atacante,5,Nulo,0,4,0,0,0,0,0,0,0,0,0,0,0,0,0,0,0,0,0,0,0,0,0
87742,Neto Moura,MIR,2305,Meia,4,Provável,0,5,0,0,0,0,0,0,0,0,0,0,0,0,0,0,0,0,0,0,0,0,0
101708,Felipe Jonatan,MIR,2305,Lateral,2,Nulo,0,5,0,0,0,0,0,0,0,0,0,0,0,0,0,0,0,0,0,0,0,0,0
98384,Negueba,MIR,2305,Atacante,5,Contundido,0,6,0,0,0,0,0,0,0,0,0,0,0,0,0,0,0,0,0,0,0,0,0
104204,Edson Carioca,MIR,2305,Atacante,5,Contundido,0,5,0,0,0,0,0,0,0,0,0,0,0,0,0,0,0,0,0,0,0,0,0
83257,Gabriel,SAN,277,Atacante,5,Provável,0,9,0,0,0,0,0,0,0,0,0,0,0,0,0,0,0,0,0,0,0,0,0
117403,Renato Marques,MIR,2305,Atacante,5,Nulo,0,4,0,0,0,0,0,0,0,0,0,0,0,0,0,0,0,0,0,0,0,0,0
104027,Rafael Guanaes,MIR,2305,Técnico,6,Provável,0,6,0,0,0,0,0,0,0,0,0,0,0,0,0,0,0,0,0,0,0,0,0
77777,João Schmidt,SAN,277,Meia,4,Provável,0,6,0,0,0,0,0,0,0,0,0,0,0,0,0,0,0,0,0,0,0,0,0
81150,Mayke,SAN,277,Lateral,2,Nulo,0,5,0,0,0,0,0,0,0,0,0,0,0,0,0,0,0,0,0,0,0,0,0
74187,Rincón,SAN,277,Meia,4,Nulo,0,4,0,0,0,0,0,0,0,0,0,0,0,0,0,0,0,0,0,0,0,0,0
105903,José Aldo,MIR,2305,Meia,4,Provável,0,5,0,0,0,0,0,0,0,0,0,0,0,0,0,0,0,0,0,0,0,0,0
78478,Willian Arão,SAN,277,Meia,4,Provável,0,7,0,0,0,0,0,0,0,0,0,0,0,0,0,0,0,0,0,0,0,0,0
82455,Zé Rafael,SAN,277,Meia,4,Provável,0,7,0,0,0,0,0,0,0,0,0,0,0,0,0,0,0,0,0,0,0,0,0
93372,João Basso,SAN,277,Zagueiro,3,Nulo,0,4,0,0,0,0,0,0,0,0,0,0,0,0,0,0,0,0,0,0,0,0,0
84042,Tiquinho Soares,SAN,277,Atacante,5,Nulo,0,7,0,0,0,0,0,0,0,0,0,0,0,0,0,0,0,0,0,0,0,0,0
95466,Igor Vinícius,SAN,277,Lateral,2,Provável,0,7,0,0,0,0,0,0,0,0,0,0,0,0,0,0,0,0,0,0,0,0,0
104754,Juan Vojvoda,SAN,277,Técnico,6,Provável,0,8,0,0,0,0,0,0,0,0,0,0,0,0,0,0,0,0,0,0,0,0,0
91866,Zé Ivaldo,SAN,277,Zagueiro,3,Provável,0,6,0,0,0,0,0,0,0,0,0,0,0,0,0,0,0,0,0,0,0,0,0
84847,Luan Peres,SAN,277,Zagueiro,3,Dúvida,0,6,0,0,0,0,0,0,0,0,0,0,0,0,0,0,0,0,0,0,0,0,0
87470,Thaciano,SAN,277,Meia,4,Nulo,0,6,0,0,0,0,0,0,0,0,0,0,0,0,0,0,0,0,0,0,0,0,0
130811,Souza,SAN,277,Lateral,2,Nulo,0,8,0,0,0,0,0,0,0,0,0,0,0,0,0,0,0,0,0,0,0,0,0
102256,Rollheiser,SAN,277,Meia,4,Nulo,0,9,0,0,0,0,0,0,0,0,0,0,0,0,0,0,0,0,0,0,0,0,0
105114,Alexis Duarte,SAN,277,Zagueiro,3,Nulo,0,5,0,0,0,0,0,0,0,0,0,0,0,0,0,0,0,0,0,0,0,0,0
118775,Lautaro Díaz,SAN,277,Atacante,5,Provável,0,6,0,0,0,0,0,0,0,0,0,0,0,0,0,0,0,0,0,0,0,0,0
113690,Diógenes,SAN,277,Goleiro,1,Nulo,0,2,0,0,0,0,0,0,0,0,0,0,0,0,0,0,0,0,0,0,0,0,0
102975,Escobar,SAN,277,Lateral,2,Provável,0,6,0,0,0,0,0,0,0,0,0,0,0,0,0,0,0,0,0,0,0,0,0
141754,Gabriel Bontempo,SAN,277,Meia,4,Nulo,0,5,0,0,0,0,0,0,0,0,0,0,0,0,0,0,0,0,0,0,0,0,0
63008,Rafael Tolói,SAO,276,Zagueiro,3,Provável,0,5,0,0,0,0,0,0,0,0,0,0,0,0,0,0,0,0,0,0,0,0,0
108469,Adonis Frías,SAN,277,Zagueiro,3,Dúvida,0,6,0,0,0,0,0,0,0,0,0,0,0,0,0,0,0,0,0,0,0,0,0
142867,Robinho Jr.,SAN,277,Atacante,5,Nulo,0,4,0,0,0,0,0,0,0,0,0,0,0,0,0,0,0,0,0,0,0,0,0
99889,Alan Franco,SAO,276,Zagueiro,3,Nulo,0,7,0,0,0,0,0,0,0,0,0,0,0,0,0,0,0,0,0,0,0,0,0
89840,Calleri,SAO,276,Atacante,5,Nulo,0,14,0,0,0,0,0,0,0,0,0,0,0,0,0,0,0,0,0,0,0,0,0
70164,Lucas Moura,SAO,276,Meia,4,Provável,0,12,0,0,0,0,0,0,0,0,0,0,0,0,0,0,0,0,0,0,0,0,0
141868,Vinicius Lira,SAN,277,Lateral,2,Nulo,0,3,0,0,0,0,0,0,0,0,0,0,0,0,0,0,0,0,0,0,0,0,0
81845,Alisson,SAO,276,Meia,4,Nulo,0,6,0,0,0,0,0,0,0,0,0,0,0,0,0,0,0,0,0,0,0,0,0
77656,Cédric Soares,SAO,276,Lateral,2,Provável,0,6,0,0,0,0,0,0,0,0,0,0,0,0,0,0,0,0,0,0,0,0,0
85403,Danielzinho,SAO,276,Meia,4,Provável,0,7,0,0,0,0,0,0,0,0,0,0,0,0,0,0,0,0,0,0,0,0,0
80570,Wendell,SAO,276,Lateral,2,Nulo,0,7,0,0,0,0,0,0,0,0,0,0,0,0,0,0,0,0,0,0,0,0,0
91573,Arboleda,SAO,276,Zagueiro,3,Provável,0,10,0,0,0,0,0,0,0,0,0,0,0,0,0,0,0,0,0,0,0,0,0
90846,Klaus,REM,364,Zagueiro,3,Provável,0,4,0,0,0,0,0,0,0,0,0,0,0,0,0,0,0,0,0,0,0,0,0
101290,Ferreira,SAO,276,Atacante,5,Provável,0,8,0,0,0,0,0,0,0,0,0,0,0,0,0,0,0,0,0,0,0,0,0
103912,Hernán Crespo,SAO,276,Técnico,6,Provável,0,7,0,0,0,0,0,0,0,0,0,0,0,0,0,0,0,0,0,0,0,0,0
